branch_id,day,hour,service_id,wait_minutes,crowd_level,is_holiday,month,source
jhb_cbd,Monday,08:00,passport_renewal,101,high,0,1,historical_sample
jhb_cbd,Monday,08:00,id_replacement,131,high,0,1,historical_sample
jhb_cbd,Monday,08:00,birth_registration,93,high,0,1,historical_sample
jhb_cbd,Monday,09:00,passport_renewal,91,high,0,1,historical_sample
jhb_cbd,Monday,09:00,id_application,86,high,0,1,historical_sample
jhb_cbd,Monday,09:00,birth_registration,96,high,0,1,historical_sample
jhb_cbd,Monday,10:00,passport_new,112,high,0,1,historical_sample
jhb_cbd,Monday,10:00,id_replacement,104,high,0,1,historical_sample
jhb_cbd,Monday,11:00,passport_new,84,high,0,1,historical_sample
jhb_cbd,Monday,11:00,birth_registration,75,medium,0,1,historical_sample
jhb_cbd,Monday,12:00,passport_renewal,73,medium,0,1,historical_sample
jhb_cbd,Monday,12:00,passport_new,86,high,0,1,historical_sample
jhb_cbd,Monday,12:00,id_application,66,medium,0,1,historical_sample
jhb_cbd,Monday,12:00,id_replacement,74,medium,0,1,historical_sample
jhb_cbd,Monday,12:00,birth_registration,63,medium,0,1,historical_sample
jhb_cbd,Monday,13:00,passport_renewal,53,medium,0,1,historical_sample
jhb_cbd,Monday,14:00,id_application,45,medium,0,1,historical_sample
jhb_cbd,Monday,14:00,id_replacement,47,medium,0,1,historical_sample
jhb_cbd,Monday,15:00,passport_renewal,71,medium,0,1,historical_sample
jhb_cbd,Monday,15:00,passport_new,68,medium,0,1,historical_sample
jhb_cbd,Monday,15:00,id_application,58,medium,0,1,historical_sample
jhb_cbd,Monday,15:00,id_replacement,82,high,0,1,historical_sample
jhb_cbd,Monday,15:00,birth_registration,62,medium,0,1,historical_sample
soweto,Monday,08:00,passport_renewal,96,high,0,1,historical_sample
soweto,Monday,08:00,passport_new,88,high,0,1,historical_sample
soweto,Monday,09:00,passport_new,91,high,0,1,historical_sample
soweto,Monday,09:00,id_replacement,76,medium,0,1,historical_sample
soweto,Monday,09:00,birth_registration,66,medium,0,1,historical_sample
soweto,Monday,10:00,id_application,55,medium,0,1,historical_sample
soweto,Monday,10:00,id_replacement,73,medium,0,1,historical_sample
soweto,Monday,10:00,birth_registration,51,medium,0,1,historical_sample
soweto,Monday,11:00,passport_renewal,56,medium,0,1,historical_sample
soweto,Monday,11:00,birth_registration,55,medium,0,1,historical_sample
soweto,Monday,12:00,passport_renewal,43,low,0,1,historical_sample
soweto,Monday,12:00,passport_new,63,medium,0,1,historical_sample
soweto,Monday,12:00,id_application,54,medium,0,1,historical_sample
soweto,Monday,12:00,id_replacement,44,low,0,1,historical_sample
soweto,Monday,12:00,birth_registration,47,medium,0,1,historical_sample
soweto,Monday,13:00,passport_renewal,40,low,0,1,historical_sample
soweto,Monday,13:00,passport_new,42,low,0,1,historical_sample
soweto,Monday,13:00,id_application,40,low,0,1,historical_sample
soweto,Monday,13:00,id_replacement,51,medium,0,1,historical_sample
soweto,Monday,14:00,passport_renewal,33,low,0,1,historical_sample
soweto,Monday,14:00,passport_new,45,medium,0,1,historical_sample
soweto,Monday,14:00,id_replacement,40,low,0,1,historical_sample
soweto,Monday,15:00,passport_renewal,50,medium,0,1,historical_sample
soweto,Monday,15:00,passport_new,55,medium,0,1,historical_sample
randburg,Monday,08:00,passport_renewal,90,high,0,1,historical_sample
randburg,Monday,08:00,passport_new,84,high,0,1,historical_sample
randburg,Monday,08:00,id_replacement,96,high,0,1,historical_sample
randburg,Monday,09:00,passport_renewal,59,medium,0,1,historical_sample
randburg,Monday,09:00,passport_new,81,high,0,1,historical_sample
randburg,Monday,09:00,id_replacement,73,medium,0,1,historical_sample
randburg,Monday,10:00,passport_renewal,54,medium,0,1,historical_sample
randburg,Monday,10:00,id_application,57,medium,0,1,historical_sample
randburg,Monday,11:00,passport_renewal,52,medium,0,1,historical_sample
randburg,Monday,11:00,passport_new,55,medium,0,1,historical_sample
randburg,Monday,12:00,passport_renewal,40,low,0,1,historical_sample
randburg,Monday,12:00,id_replacement,42,low,0,1,historical_sample
randburg,Monday,12:00,birth_registration,43,low,0,1,historical_sample
randburg,Monday,13:00,id_application,32,low,0,1,historical_sample
randburg,Monday,13:00,birth_registration,34,low,0,1,historical_sample
randburg,Monday,14:00,passport_renewal,37,low,0,1,historical_sample
randburg,Monday,14:00,passport_new,34,low,0,1,historical_sample
randburg,Monday,14:00,id_replacement,35,low,0,1,historical_sample
randburg,Monday,14:00,birth_registration,33,low,0,1,historical_sample
randburg,Monday,15:00,passport_renewal,54,medium,0,1,historical_sample
randburg,Monday,15:00,id_application,42,low,0,1,historical_sample
randburg,Monday,15:00,id_replacement,46,medium,0,1,historical_sample
pta_cbd,Monday,08:00,passport_renewal,122,high,0,1,historical_sample
pta_cbd,Monday,08:00,id_replacement,129,high,0,1,historical_sample
pta_cbd,Monday,08:00,birth_registration,114,high,0,1,historical_sample
pta_cbd,Monday,09:00,passport_new,136,high,0,1,historical_sample
pta_cbd,Monday,09:00,id_application,120,high,0,1,historical_sample
pta_cbd,Monday,09:00,id_replacement,106,high,0,1,historical_sample
pta_cbd,Monday,09:00,birth_registration,92,high,0,1,historical_sample
pta_cbd,Monday,10:00,passport_renewal,86,high,0,1,historical_sample
pta_cbd,Monday,10:00,passport_new,126,high,0,1,historical_sample
pta_cbd,Monday,10:00,id_replacement,103,high,0,1,historical_sample
pta_cbd,Monday,10:00,birth_registration,102,high,0,1,historical_sample
pta_cbd,Monday,11:00,passport_renewal,88,high,0,1,historical_sample
pta_cbd,Monday,11:00,passport_new,86,high,0,1,historical_sample
pta_cbd,Monday,11:00,id_replacement,94,high,0,1,historical_sample
pta_cbd,Monday,11:00,birth_registration,84,high,0,1,historical_sample
pta_cbd,Monday,12:00,passport_new,82,high,0,1,historical_sample
pta_cbd,Monday,12:00,id_application,63,medium,0,1,historical_sample
pta_cbd,Monday,12:00,id_replacement,68,medium,0,1,historical_sample
pta_cbd,Monday,13:00,passport_renewal,72,medium,0,1,historical_sample
pta_cbd,Monday,13:00,id_replacement,66,medium,0,1,historical_sample
pta_cbd,Monday,13:00,birth_registration,64,medium,0,1,historical_sample
pta_cbd,Monday,14:00,passport_renewal,57,medium,0,1,historical_sample
pta_cbd,Monday,14:00,passport_new,69,medium,0,1,historical_sample
pta_cbd,Monday,14:00,id_replacement,54,medium,0,1,historical_sample
pta_cbd,Monday,14:00,birth_registration,53,medium,0,1,historical_sample
pta_cbd,Monday,15:00,id_application,62,medium,0,1,historical_sample
pta_cbd,Monday,15:00,id_replacement,90,high,0,1,historical_sample
pta_cbd,Monday,15:00,birth_registration,58,medium,0,1,historical_sample
sandton,Monday,08:00,id_application,72,medium,0,1,historical_sample
sandton,Monday,08:00,id_replacement,69,medium,0,1,historical_sample
sandton,Monday,09:00,passport_renewal,66,medium,0,1,historical_sample
sandton,Monday,09:00,passport_new,78,medium,0,1,historical_sample
sandton,Monday,09:00,id_application,50,medium,0,1,historical_sample
sandton,Monday,09:00,id_replacement,61,medium,0,1,historical_sample
sandton,Monday,09:00,birth_registration,63,medium,0,1,historical_sample
sandton,Monday,10:00,id_replacement,51,medium,0,1,historical_sample
sandton,Monday,10:00,birth_registration,50,medium,0,1,historical_sample
sandton,Monday,11:00,passport_new,48,medium,0,1,historical_sample
sandton,Monday,11:00,id_application,50,medium,0,1,historical_sample
sandton,Monday,11:00,id_replacement,43,low,0,1,historical_sample
sandton,Monday,11:00,birth_registration,39,low,0,1,historical_sample
sandton,Monday,12:00,passport_new,45,medium,0,1,historical_sample
sandton,Monday,12:00,id_replacement,42,low,0,1,historical_sample
sandton,Monday,12:00,birth_registration,30,low,0,1,historical_sample
sandton,Monday,13:00,passport_new,43,low,0,1,historical_sample
sandton,Monday,13:00,id_application,36,low,0,1,historical_sample
sandton,Monday,13:00,id_replacement,32,low,0,1,historical_sample
sandton,Monday,14:00,passport_new,37,low,0,1,historical_sample
sandton,Monday,14:00,id_application,33,low,0,1,historical_sample
sandton,Monday,15:00,passport_new,53,medium,0,1,historical_sample
sandton,Monday,15:00,id_application,43,low,0,1,historical_sample
sandton,Monday,15:00,birth_registration,43,low,0,1,historical_sample
jhb_cbd,Tuesday,08:00,passport_renewal,109,high,0,1,historical_sample
jhb_cbd,Tuesday,08:00,passport_new,94,high,0,1,historical_sample
jhb_cbd,Tuesday,08:00,id_application,89,high,0,1,historical_sample
jhb_cbd,Tuesday,08:00,id_replacement,114,high,0,1,historical_sample
jhb_cbd,Tuesday,08:00,birth_registration,98,high,0,1,historical_sample
jhb_cbd,Tuesday,09:00,passport_new,86,high,0,1,historical_sample
jhb_cbd,Tuesday,09:00,id_application,93,high,0,1,historical_sample
jhb_cbd,Tuesday,09:00,birth_registration,79,medium,0,1,historical_sample
jhb_cbd,Tuesday,10:00,passport_new,79,medium,0,1,historical_sample
jhb_cbd,Tuesday,11:00,passport_renewal,77,medium,0,1,historical_sample
jhb_cbd,Tuesday,11:00,id_application,62,medium,0,1,historical_sample
jhb_cbd,Tuesday,11:00,id_replacement,72,medium,0,1,historical_sample
jhb_cbd,Tuesday,11:00,birth_registration,54,medium,0,1,historical_sample
jhb_cbd,Tuesday,12:00,passport_renewal,52,medium,0,1,historical_sample
jhb_cbd,Tuesday,12:00,passport_new,59,medium,0,1,historical_sample
jhb_cbd,Tuesday,12:00,id_replacement,64,medium,0,1,historical_sample
jhb_cbd,Tuesday,13:00,passport_renewal,52,medium,0,1,historical_sample
jhb_cbd,Tuesday,13:00,passport_new,59,medium,0,1,historical_sample
jhb_cbd,Tuesday,13:00,id_replacement,46,medium,0,1,historical_sample
jhb_cbd,Tuesday,13:00,birth_registration,47,medium,0,1,historical_sample
jhb_cbd,Tuesday,14:00,passport_renewal,45,medium,0,1,historical_sample
jhb_cbd,Tuesday,14:00,passport_new,44,low,0,1,historical_sample
jhb_cbd,Tuesday,14:00,id_replacement,41,low,0,1,historical_sample
jhb_cbd,Tuesday,15:00,passport_renewal,61,medium,0,1,historical_sample
jhb_cbd,Tuesday,15:00,id_replacement,58,medium,0,1,historical_sample
soweto,Tuesday,08:00,passport_new,91,high,0,1,historical_sample
soweto,Tuesday,08:00,id_application,78,medium,0,1,historical_sample
soweto,Tuesday,08:00,id_replacement,72,medium,0,1,historical_sample
soweto,Tuesday,08:00,birth_registration,56,medium,0,1,historical_sample
soweto,Tuesday,09:00,passport_new,70,medium,0,1,historical_sample
soweto,Tuesday,09:00,id_application,59,medium,0,1,historical_sample
soweto,Tuesday,09:00,id_replacement,60,medium,0,1,historical_sample
soweto,Tuesday,09:00,birth_registration,63,medium,0,1,historical_sample
soweto,Tuesday,10:00,passport_renewal,47,medium,0,1,historical_sample
soweto,Tuesday,10:00,id_application,51,medium,0,1,historical_sample
soweto,Tuesday,10:00,birth_registration,50,medium,0,1,historical_sample
soweto,Tuesday,11:00,passport_renewal,43,low,0,1,historical_sample
soweto,Tuesday,11:00,birth_registration,46,medium,0,1,historical_sample
soweto,Tuesday,12:00,passport_new,47,medium,0,1,historical_sample
soweto,Tuesday,12:00,id_replacement,44,low,0,1,historical_sample
soweto,Tuesday,13:00,passport_renewal,31,low,0,1,historical_sample
soweto,Tuesday,13:00,passport_new,43,low,0,1,historical_sample
soweto,Tuesday,13:00,id_replacement,34,low,0,1,historical_sample
soweto,Tuesday,13:00,birth_registration,33,low,0,1,historical_sample
soweto,Tuesday,14:00,id_application,29,low,0,1,historical_sample
soweto,Tuesday,14:00,id_replacement,34,low,0,1,historical_sample
soweto,Tuesday,14:00,birth_registration,29,low,0,1,historical_sample
soweto,Tuesday,15:00,passport_renewal,46,medium,0,1,historical_sample
soweto,Tuesday,15:00,passport_new,49,medium,0,1,historical_sample
soweto,Tuesday,15:00,id_application,43,low,0,1,historical_sample
soweto,Tuesday,15:00,id_replacement,49,medium,0,1,historical_sample
soweto,Tuesday,15:00,birth_registration,37,low,0,1,historical_sample
randburg,Tuesday,08:00,id_application,70,medium,0,1,historical_sample
randburg,Tuesday,08:00,id_replacement,74,medium,0,1,historical_sample
randburg,Tuesday,09:00,birth_registration,46,medium,0,1,historical_sample
randburg,Tuesday,10:00,passport_new,55,medium,0,1,historical_sample
randburg,Tuesday,10:00,id_replacement,50,medium,0,1,historical_sample
randburg,Tuesday,10:00,birth_registration,38,low,0,1,historical_sample
randburg,Tuesday,11:00,passport_renewal,47,medium,0,1,historical_sample
randburg,Tuesday,11:00,passport_new,48,medium,0,1,historical_sample
randburg,Tuesday,11:00,id_application,43,low,0,1,historical_sample
randburg,Tuesday,11:00,id_replacement,37,low,0,1,historical_sample
randburg,Tuesday,11:00,birth_registration,40,low,0,1,historical_sample
randburg,Tuesday,12:00,passport_renewal,41,low,0,1,historical_sample
randburg,Tuesday,12:00,passport_new,43,low,0,1,historical_sample
randburg,Tuesday,12:00,id_application,35,low,0,1,historical_sample
randburg,Tuesday,13:00,passport_renewal,27,low,0,1,historical_sample
randburg,Tuesday,13:00,id_application,29,low,0,1,historical_sample
randburg,Tuesday,13:00,birth_registration,25,low,0,1,historical_sample
randburg,Tuesday,14:00,passport_renewal,25,low,0,1,historical_sample
randburg,Tuesday,14:00,passport_new,32,low,0,1,historical_sample
randburg,Tuesday,14:00,id_replacement,27,low,0,1,historical_sample
randburg,Tuesday,14:00,birth_registration,22,low,0,1,historical_sample
randburg,Tuesday,15:00,passport_renewal,36,low,0,1,historical_sample
randburg,Tuesday,15:00,id_application,36,low,0,1,historical_sample
randburg,Tuesday,15:00,id_replacement,46,medium,0,1,historical_sample
pta_cbd,Tuesday,08:00,id_application,114,high,0,1,historical_sample
pta_cbd,Tuesday,08:00,birth_registration,102,high,0,1,historical_sample
pta_cbd,Tuesday,09:00,passport_renewal,101,high,0,1,historical_sample
pta_cbd,Tuesday,09:00,passport_new,94,high,0,1,historical_sample
pta_cbd,Tuesday,10:00,passport_renewal,85,high,0,1,historical_sample
pta_cbd,Tuesday,10:00,id_application,86,high,0,1,historical_sample
pta_cbd,Tuesday,10:00,birth_registration,81,high,0,1,historical_sample
pta_cbd,Tuesday,11:00,passport_new,92,high,0,1,historical_sample
pta_cbd,Tuesday,12:00,passport_renewal,71,medium,0,1,historical_sample
pta_cbd,Tuesday,12:00,passport_new,73,medium,0,1,historical_sample
pta_cbd,Tuesday,12:00,id_replacement,68,medium,0,1,historical_sample
pta_cbd,Tuesday,13:00,passport_renewal,63,medium,0,1,historical_sample
pta_cbd,Tuesday,13:00,passport_new,56,medium,0,1,historical_sample
pta_cbd,Tuesday,13:00,id_application,59,medium,0,1,historical_sample
pta_cbd,Tuesday,13:00,birth_registration,49,medium,0,1,historical_sample
pta_cbd,Tuesday,14:00,passport_renewal,44,low,0,1,historical_sample
pta_cbd,Tuesday,14:00,passport_new,57,medium,0,1,historical_sample
pta_cbd,Tuesday,14:00,id_replacement,51,medium,0,1,historical_sample
pta_cbd,Tuesday,14:00,birth_registration,45,medium,0,1,historical_sample
pta_cbd,Tuesday,15:00,passport_renewal,67,medium,0,1,historical_sample
pta_cbd,Tuesday,15:00,passport_new,64,medium,0,1,historical_sample
pta_cbd,Tuesday,15:00,id_application,60,medium,0,1,historical_sample
pta_cbd,Tuesday,15:00,id_replacement,64,medium,0,1,historical_sample
pta_cbd,Tuesday,15:00,birth_registration,52,medium,0,1,historical_sample
sandton,Tuesday,08:00,passport_renewal,63,medium,0,1,historical_sample
sandton,Tuesday,08:00,id_application,50,medium,0,1,historical_sample
sandton,Tuesday,08:00,id_replacement,62,medium,0,1,historical_sample
sandton,Tuesday,08:00,birth_registration,44,low,0,1,historical_sample
sandton,Tuesday,09:00,passport_renewal,47,medium,0,1,historical_sample
sandton,Tuesday,09:00,id_application,47,medium,0,1,historical_sample
sandton,Tuesday,09:00,id_replacement,58,medium,0,1,historical_sample
sandton,Tuesday,10:00,passport_new,42,low,0,1,historical_sample
sandton,Tuesday,10:00,id_application,41,low,0,1,historical_sample
sandton,Tuesday,10:00,id_replacement,48,medium,0,1,historical_sample
sandton,Tuesday,10:00,birth_registration,39,low,0,1,historical_sample
sandton,Tuesday,11:00,passport_renewal,35,low,0,1,historical_sample
sandton,Tuesday,11:00,id_application,35,low,0,1,historical_sample
sandton,Tuesday,11:00,id_replacement,41,low,0,1,historical_sample
sandton,Tuesday,11:00,birth_registration,35,low,0,1,historical_sample
sandton,Tuesday,12:00,passport_renewal,31,low,0,1,historical_sample
sandton,Tuesday,12:00,passport_new,34,low,0,1,historical_sample
sandton,Tuesday,13:00,passport_new,34,low,0,1,historical_sample
sandton,Tuesday,13:00,birth_registration,28,low,0,1,historical_sample
sandton,Tuesday,14:00,passport_renewal,26,low,0,1,historical_sample
sandton,Tuesday,15:00,id_application,32,low,0,1,historical_sample
sandton,Tuesday,15:00,id_replacement,39,low,0,1,historical_sample
sandton,Tuesday,15:00,birth_registration,29,low,0,1,historical_sample
jhb_cbd,Wednesday,08:00,passport_renewal,90,high,0,1,historical_sample
jhb_cbd,Wednesday,08:00,passport_new,101,high,0,1,historical_sample
jhb_cbd,Wednesday,08:00,id_application,84,high,0,1,historical_sample
jhb_cbd,Wednesday,09:00,passport_renewal,80,high,0,1,historical_sample
jhb_cbd,Wednesday,09:00,passport_new,86,high,0,1,historical_sample
jhb_cbd,Wednesday,09:00,id_replacement,73,medium,0,1,historical_sample
jhb_cbd,Wednesday,10:00,passport_renewal,67,medium,0,1,historical_sample
jhb_cbd,Wednesday,10:00,passport_new,69,medium,0,1,historical_sample
jhb_cbd,Wednesday,10:00,id_application,69,medium,0,1,historical_sample
jhb_cbd,Wednesday,10:00,id_replacement,68,medium,0,1,historical_sample
jhb_cbd,Wednesday,10:00,birth_registration,63,medium,0,1,historical_sample
jhb_cbd,Wednesday,11:00,passport_renewal,68,medium,0,1,historical_sample
jhb_cbd,Wednesday,11:00,passport_new,63,medium,0,1,historical_sample
jhb_cbd,Wednesday,11:00,id_application,60,medium,0,1,historical_sample
jhb_cbd,Wednesday,11:00,id_replacement,73,medium,0,1,historical_sample
jhb_cbd,Wednesday,12:00,passport_new,51,medium,0,1,historical_sample
jhb_cbd,Wednesday,13:00,passport_renewal,48,medium,0,1,historical_sample
jhb_cbd,Wednesday,13:00,id_replacement,52,medium,0,1,historical_sample
jhb_cbd,Wednesday,13:00,birth_registration,45,medium,0,1,historical_sample
jhb_cbd,Wednesday,14:00,passport_renewal,41,low,0,1,historical_sample
jhb_cbd,Wednesday,14:00,passport_new,43,low,0,1,historical_sample
jhb_cbd,Wednesday,14:00,id_application,35,low,0,1,historical_sample
jhb_cbd,Wednesday,14:00,id_replacement,41,low,0,1,historical_sample
jhb_cbd,Wednesday,14:00,birth_registration,37,low,0,1,historical_sample
jhb_cbd,Wednesday,15:00,id_replacement,56,medium,0,1,historical_sample
soweto,Wednesday,08:00,passport_new,77,medium,0,1,historical_sample
soweto,Wednesday,08:00,id_application,63,medium,0,1,historical_sample
soweto,Wednesday,08:00,id_replacement,61,medium,0,1,historical_sample
soweto,Wednesday,09:00,passport_renewal,53,medium,0,1,historical_sample
soweto,Wednesday,09:00,id_replacement,65,medium,0,1,historical_sample
soweto,Wednesday,09:00,birth_registration,58,medium,0,1,historical_sample
soweto,Wednesday,10:00,passport_renewal,49,medium,0,1,historical_sample
soweto,Wednesday,10:00,id_replacement,49,medium,0,1,historical_sample
soweto,Wednesday,10:00,birth_registration,48,medium,0,1,historical_sample
soweto,Wednesday,11:00,passport_new,48,medium,0,1,historical_sample
soweto,Wednesday,11:00,id_application,35,low,0,1,historical_sample
soweto,Wednesday,12:00,passport_renewal,42,low,0,1,historical_sample
soweto,Wednesday,12:00,id_application,33,low,0,1,historical_sample
soweto,Wednesday,12:00,id_replacement,43,low,0,1,historical_sample
soweto,Wednesday,12:00,birth_registration,33,low,0,1,historical_sample
soweto,Wednesday,13:00,id_application,30,low,0,1,historical_sample
soweto,Wednesday,13:00,id_replacement,40,low,0,1,historical_sample
soweto,Wednesday,13:00,birth_registration,30,low,0,1,historical_sample
soweto,Wednesday,14:00,passport_renewal,25,low,0,1,historical_sample
soweto,Wednesday,14:00,passport_new,33,low,0,1,historical_sample
soweto,Wednesday,14:00,id_application,29,low,0,1,historical_sample
soweto,Wednesday,14:00,birth_registration,28,low,0,1,historical_sample
soweto,Wednesday,15:00,passport_renewal,40,low,0,1,historical_sample
soweto,Wednesday,15:00,id_application,37,low,0,1,historical_sample
randburg,Wednesday,08:00,passport_renewal,62,medium,0,1,historical_sample
randburg,Wednesday,08:00,id_application,65,medium,0,1,historical_sample
randburg,Wednesday,08:00,id_replacement,57,medium,0,1,historical_sample
randburg,Wednesday,08:00,birth_registration,55,medium,0,1,historical_sample
randburg,Wednesday,09:00,passport_renewal,52,medium,0,1,historical_sample
randburg,Wednesday,09:00,id_application,56,medium,0,1,historical_sample
randburg,Wednesday,09:00,birth_registration,45,medium,0,1,historical_sample
randburg,Wednesday,10:00,passport_renewal,42,low,0,1,historical_sample
randburg,Wednesday,10:00,passport_new,52,medium,0,1,historical_sample
randburg,Wednesday,10:00,id_replacement,43,low,0,1,historical_sample
randburg,Wednesday,10:00,birth_registration,38,low,0,1,historical_sample
randburg,Wednesday,11:00,passport_renewal,35,low,0,1,historical_sample
randburg,Wednesday,11:00,id_application,41,low,0,1,historical_sample
randburg,Wednesday,11:00,id_replacement,35,low,0,1,historical_sample
randburg,Wednesday,11:00,birth_registration,32,low,0,1,historical_sample
randburg,Wednesday,12:00,passport_renewal,33,low,0,1,historical_sample
randburg,Wednesday,12:00,passport_new,34,low,0,1,historical_sample
randburg,Wednesday,12:00,id_replacement,35,low,0,1,historical_sample
randburg,Wednesday,13:00,passport_renewal,24,low,0,1,historical_sample
randburg,Wednesday,13:00,passport_new,33,low,0,1,historical_sample
randburg,Wednesday,13:00,id_application,26,low,0,1,historical_sample
randburg,Wednesday,13:00,id_replacement,32,low,0,1,historical_sample
randburg,Wednesday,13:00,birth_registration,25,low,0,1,historical_sample
randburg,Wednesday,14:00,passport_new,30,low,0,1,historical_sample
randburg,Wednesday,14:00,id_application,28,low,0,1,historical_sample
randburg,Wednesday,14:00,id_replacement,28,low,0,1,historical_sample
randburg,Wednesday,14:00,birth_registration,25,low,0,1,historical_sample
randburg,Wednesday,15:00,passport_renewal,37,low,0,1,historical_sample
randburg,Wednesday,15:00,id_application,39,low,0,1,historical_sample
randburg,Wednesday,15:00,birth_registration,33,low,0,1,historical_sample
pta_cbd,Wednesday,08:00,passport_renewal,105,high,0,1,historical_sample
pta_cbd,Wednesday,08:00,passport_new,100,high,0,1,historical_sample
pta_cbd,Wednesday,08:00,id_replacement,107,high,0,1,historical_sample
pta_cbd,Wednesday,08:00,birth_registration,73,medium,0,1,historical_sample
pta_cbd,Wednesday,09:00,passport_new,105,high,0,1,historical_sample
pta_cbd,Wednesday,09:00,id_application,87,high,0,1,historical_sample
pta_cbd,Wednesday,09:00,id_replacement,78,medium,0,1,historical_sample
pta_cbd,Wednesday,09:00,birth_registration,85,high,0,1,historical_sample
pta_cbd,Wednesday,10:00,passport_renewal,80,high,0,1,historical_sample
pta_cbd,Wednesday,10:00,passport_new,72,medium,0,1,historical_sample
pta_cbd,Wednesday,10:00,id_application,67,medium,0,1,historical_sample
pta_cbd,Wednesday,10:00,id_replacement,71,medium,0,1,historical_sample
pta_cbd,Wednesday,10:00,birth_registration,69,medium,0,1,historical_sample
pta_cbd,Wednesday,11:00,passport_renewal,59,medium,0,1,historical_sample
pta_cbd,Wednesday,11:00,id_application,65,medium,0,1,historical_sample
pta_cbd,Wednesday,11:00,birth_registration,53,medium,0,1,historical_sample
pta_cbd,Wednesday,12:00,passport_renewal,52,medium,0,1,historical_sample
pta_cbd,Wednesday,12:00,id_replacement,67,medium,0,1,historical_sample
pta_cbd,Wednesday,12:00,birth_registration,46,medium,0,1,historical_sample
pta_cbd,Wednesday,13:00,passport_renewal,49,medium,0,1,historical_sample
pta_cbd,Wednesday,13:00,passport_new,59,medium,0,1,historical_sample
pta_cbd,Wednesday,13:00,id_application,45,medium,0,1,historical_sample
pta_cbd,Wednesday,13:00,id_replacement,49,medium,0,1,historical_sample
pta_cbd,Wednesday,13:00,birth_registration,46,medium,0,1,historical_sample
pta_cbd,Wednesday,14:00,passport_new,48,medium,0,1,historical_sample
pta_cbd,Wednesday,14:00,id_application,38,low,0,1,historical_sample
pta_cbd,Wednesday,14:00,id_replacement,47,medium,0,1,historical_sample
pta_cbd,Wednesday,15:00,passport_renewal,60,medium,0,1,historical_sample
pta_cbd,Wednesday,15:00,passport_new,54,medium,0,1,historical_sample
pta_cbd,Wednesday,15:00,id_application,54,medium,0,1,historical_sample
pta_cbd,Wednesday,15:00,id_replacement,56,medium,0,1,historical_sample
pta_cbd,Wednesday,15:00,birth_registration,52,medium,0,1,historical_sample
sandton,Wednesday,08:00,passport_renewal,54,medium,0,1,historical_sample
sandton,Wednesday,08:00,passport_new,60,medium,0,1,historical_sample
sandton,Wednesday,08:00,id_application,52,medium,0,1,historical_sample
sandton,Wednesday,08:00,id_replacement,56,medium,0,1,historical_sample
sandton,Wednesday,08:00,birth_registration,49,medium,0,1,historical_sample
sandton,Wednesday,09:00,passport_new,53,medium,0,1,historical_sample
sandton,Wednesday,09:00,id_application,39,low,0,1,historical_sample
sandton,Wednesday,09:00,birth_registration,38,low,0,1,historical_sample
sandton,Wednesday,10:00,passport_new,50,medium,0,1,historical_sample
sandton,Wednesday,10:00,id_application,42,low,0,1,historical_sample
sandton,Wednesday,10:00,id_replacement,38,low,0,1,historical_sample
sandton,Wednesday,10:00,birth_registration,35,low,0,1,historical_sample
sandton,Wednesday,11:00,passport_renewal,38,low,0,1,historical_sample
sandton,Wednesday,11:00,id_replacement,33,low,0,1,historical_sample
sandton,Wednesday,11:00,birth_registration,36,low,0,1,historical_sample
sandton,Wednesday,12:00,passport_renewal,34,low,0,1,historical_sample
sandton,Wednesday,12:00,passport_new,36,low,0,1,historical_sample
sandton,Wednesday,12:00,id_application,31,low,0,1,historical_sample
sandton,Wednesday,12:00,birth_registration,26,low,0,1,historical_sample
sandton,Wednesday,13:00,passport_renewal,27,low,0,1,historical_sample
sandton,Wednesday,13:00,passport_new,32,low,0,1,historical_sample
sandton,Wednesday,13:00,id_application,22,low,0,1,historical_sample
sandton,Wednesday,14:00,passport_renewal,24,low,0,1,historical_sample
sandton,Wednesday,14:00,passport_new,23,low,0,1,historical_sample
sandton,Wednesday,14:00,id_replacement,28,low,0,1,historical_sample
sandton,Wednesday,15:00,passport_renewal,29,low,0,1,historical_sample
sandton,Wednesday,15:00,passport_new,34,low,0,1,historical_sample
sandton,Wednesday,15:00,id_application,27,low,0,1,historical_sample
sandton,Wednesday,15:00,id_replacement,31,low,0,1,historical_sample
sandton,Wednesday,15:00,birth_registration,31,low,0,1,historical_sample
jhb_cbd,Thursday,08:00,passport_renewal,96,high,0,1,historical_sample
jhb_cbd,Thursday,08:00,passport_new,100,high,0,1,historical_sample
jhb_cbd,Thursday,08:00,id_replacement,78,medium,0,1,historical_sample
jhb_cbd,Thursday,08:00,birth_registration,74,medium,0,1,historical_sample
jhb_cbd,Thursday,09:00,passport_renewal,65,medium,0,1,historical_sample
jhb_cbd,Thursday,09:00,passport_new,82,high,0,1,historical_sample
jhb_cbd,Thursday,09:00,id_application,80,high,0,1,historical_sample
jhb_cbd,Thursday,09:00,birth_registration,69,medium,0,1,historical_sample
jhb_cbd,Thursday,10:00,passport_renewal,64,medium,0,1,historical_sample
jhb_cbd,Thursday,10:00,passport_new,67,medium,0,1,historical_sample
jhb_cbd,Thursday,10:00,id_replacement,69,medium,0,1,historical_sample
jhb_cbd,Thursday,10:00,birth_registration,63,medium,0,1,historical_sample
jhb_cbd,Thursday,11:00,passport_renewal,50,medium,0,1,historical_sample
jhb_cbd,Thursday,11:00,passport_new,59,medium,0,1,historical_sample
jhb_cbd,Thursday,11:00,id_replacement,53,medium,0,1,historical_sample
jhb_cbd,Thursday,11:00,birth_registration,48,medium,0,1,historical_sample
jhb_cbd,Thursday,12:00,passport_new,51,medium,0,1,historical_sample
jhb_cbd,Thursday,12:00,id_replacement,44,low,0,1,historical_sample
jhb_cbd,Thursday,12:00,birth_registration,39,low,0,1,historical_sample
jhb_cbd,Thursday,13:00,id_replacement,40,low,0,1,historical_sample
jhb_cbd,Thursday,14:00,passport_renewal,33,low,0,1,historical_sample
jhb_cbd,Thursday,14:00,birth_registration,32,low,0,1,historical_sample
jhb_cbd,Thursday,15:00,passport_renewal,49,medium,0,1,historical_sample
jhb_cbd,Thursday,15:00,passport_new,54,medium,0,1,historical_sample
jhb_cbd,Thursday,15:00,id_replacement,58,medium,0,1,historical_sample
soweto,Thursday,08:00,passport_renewal,69,medium,0,1,historical_sample
soweto,Thursday,08:00,passport_new,68,medium,0,1,historical_sample
soweto,Thursday,08:00,id_application,51,medium,0,1,historical_sample
soweto,Thursday,08:00,id_replacement,64,medium,0,1,historical_sample
soweto,Thursday,08:00,birth_registration,56,medium,0,1,historical_sample
soweto,Thursday,09:00,passport_renewal,47,medium,0,1,historical_sample
soweto,Thursday,09:00,id_application,44,low,0,1,historical_sample
soweto,Thursday,09:00,birth_registration,49,medium,0,1,historical_sample
soweto,Thursday,10:00,passport_new,49,medium,0,1,historical_sample
soweto,Thursday,10:00,id_application,44,low,0,1,historical_sample
soweto,Thursday,10:00,birth_registration,44,low,0,1,historical_sample
soweto,Thursday,11:00,passport_renewal,43,low,0,1,historical_sample
soweto,Thursday,11:00,passport_new,40,low,0,1,historical_sample
soweto,Thursday,11:00,id_application,35,low,0,1,historical_sample
soweto,Thursday,11:00,birth_registration,35,low,0,1,historical_sample
soweto,Thursday,12:00,passport_new,41,low,0,1,historical_sample
soweto,Thursday,12:00,id_application,30,low,0,1,historical_sample
soweto,Thursday,12:00,id_replacement,32,low,0,1,historical_sample
soweto,Thursday,12:00,birth_registration,28,low,0,1,historical_sample
soweto,Thursday,13:00,passport_new,37,low,0,1,historical_sample
soweto,Thursday,13:00,id_application,30,low,0,1,historical_sample
soweto,Thursday,13:00,id_replacement,31,low,0,1,historical_sample
soweto,Thursday,14:00,passport_renewal,28,low,0,1,historical_sample
soweto,Thursday,14:00,passport_new,32,low,0,1,historical_sample
soweto,Thursday,14:00,id_application,29,low,0,1,historical_sample
soweto,Thursday,14:00,id_replacement,27,low,0,1,historical_sample
soweto,Thursday,14:00,birth_registration,22,low,0,1,historical_sample
soweto,Thursday,15:00,passport_renewal,33,low,0,1,historical_sample
soweto,Thursday,15:00,id_application,32,low,0,1,historical_sample
soweto,Thursday,15:00,id_replacement,38,low,0,1,historical_sample
soweto,Thursday,15:00,birth_registration,35,low,0,1,historical_sample
randburg,Thursday,08:00,passport_renewal,64,medium,0,1,historical_sample
randburg,Thursday,08:00,passport_new,67,medium,0,1,historical_sample
randburg,Thursday,08:00,id_replacement,67,medium,0,1,historical_sample
randburg,Thursday,09:00,passport_new,51,medium,0,1,historical_sample
randburg,Thursday,09:00,birth_registration,45,medium,0,1,historical_sample
randburg,Thursday,10:00,passport_renewal,36,low,0,1,historical_sample
randburg,Thursday,10:00,passport_new,38,low,0,1,historical_sample
randburg,Thursday,10:00,id_application,35,low,0,1,historical_sample
randburg,Thursday,10:00,id_replacement,40,low,0,1,historical_sample
randburg,Thursday,10:00,birth_registration,38,low,0,1,historical_sample
randburg,Thursday,11:00,passport_renewal,36,low,0,1,historical_sample
randburg,Thursday,11:00,birth_registration,34,low,0,1,historical_sample
randburg,Thursday,12:00,passport_new,34,low,0,1,historical_sample
randburg,Thursday,12:00,id_application,27,low,0,1,historical_sample
randburg,Thursday,12:00,id_replacement,29,low,0,1,historical_sample
randburg,Thursday,12:00,birth_registration,26,low,0,1,historical_sample
randburg,Thursday,13:00,passport_renewal,26,low,0,1,historical_sample
randburg,Thursday,13:00,passport_new,25,low,0,1,historical_sample
randburg,Thursday,13:00,id_application,26,low,0,1,historical_sample
randburg,Thursday,15:00,passport_renewal,30,low,0,1,historical_sample
randburg,Thursday,15:00,passport_new,39,low,0,1,historical_sample
randburg,Thursday,15:00,id_application,35,low,0,1,historical_sample
randburg,Thursday,15:00,id_replacement,31,low,0,1,historical_sample
randburg,Thursday,15:00,birth_registration,26,low,0,1,historical_sample
pta_cbd,Thursday,08:00,passport_new,109,high,0,1,historical_sample
pta_cbd,Thursday,08:00,id_application,87,high,0,1,historical_sample
pta_cbd,Thursday,08:00,id_replacement,92,high,0,1,historical_sample
pta_cbd,Thursday,09:00,id_application,79,medium,0,1,historical_sample
pta_cbd,Thursday,09:00,id_replacement,95,high,0,1,historical_sample
pta_cbd,Thursday,10:00,passport_renewal,66,medium,0,1,historical_sample
pta_cbd,Thursday,10:00,passport_new,79,medium,0,1,historical_sample
pta_cbd,Thursday,10:00,id_application,64,medium,0,1,historical_sample
pta_cbd,Thursday,11:00,passport_new,61,medium,0,1,historical_sample
pta_cbd,Thursday,11:00,id_application,67,medium,0,1,historical_sample
pta_cbd,Thursday,11:00,birth_registration,62,medium,0,1,historical_sample
pta_cbd,Thursday,12:00,passport_renewal,49,medium,0,1,historical_sample
pta_cbd,Thursday,12:00,id_replacement,61,medium,0,1,historical_sample
pta_cbd,Thursday,12:00,birth_registration,43,low,0,1,historical_sample
pta_cbd,Thursday,13:00,passport_renewal,49,medium,0,1,historical_sample
pta_cbd,Thursday,13:00,passport_new,58,medium,0,1,historical_sample
pta_cbd,Thursday,13:00,id_application,53,medium,0,1,historical_sample
pta_cbd,Thursday,13:00,id_replacement,54,medium,0,1,historical_sample
pta_cbd,Thursday,13:00,birth_registration,49,medium,0,1,historical_sample
pta_cbd,Thursday,14:00,passport_renewal,36,low,0,1,historical_sample
pta_cbd,Thursday,14:00,id_application,36,low,0,1,historical_sample
pta_cbd,Thursday,15:00,passport_renewal,50,medium,0,1,historical_sample
pta_cbd,Thursday,15:00,passport_new,51,medium,0,1,historical_sample
pta_cbd,Thursday,15:00,id_application,44,low,0,1,historical_sample
pta_cbd,Thursday,15:00,id_replacement,62,medium,0,1,historical_sample
pta_cbd,Thursday,15:00,birth_registration,48,medium,0,1,historical_sample
sandton,Thursday,08:00,passport_renewal,50,medium,0,1,historical_sample
sandton,Thursday,08:00,passport_new,60,medium,0,1,historical_sample
sandton,Thursday,08:00,id_application,51,medium,0,1,historical_sample
sandton,Thursday,08:00,id_replacement,49,medium,0,1,historical_sample
sandton,Thursday,08:00,birth_registration,39,low,0,1,historical_sample
sandton,Thursday,09:00,id_application,40,low,0,1,historical_sample
sandton,Thursday,09:00,id_replacement,47,medium,0,1,historical_sample
sandton,Thursday,10:00,passport_new,40,low,0,1,historical_sample
sandton,Thursday,10:00,id_application,32,low,0,1,historical_sample
sandton,Thursday,10:00,id_replacement,37,low,0,1,historical_sample
sandton,Thursday,10:00,birth_registration,32,low,0,1,historical_sample
sandton,Thursday,11:00,passport_renewal,37,low,0,1,historical_sample
sandton,Thursday,11:00,passport_new,32,low,0,1,historical_sample
sandton,Thursday,11:00,id_replacement,33,low,0,1,historical_sample
sandton,Thursday,11:00,birth_registration,32,low,0,1,historical_sample
sandton,Thursday,12:00,passport_renewal,32,low,0,1,historical_sample
sandton,Thursday,12:00,id_application,24,low,0,1,historical_sample
sandton,Thursday,12:00,birth_registration,27,low,0,1,historical_sample
sandton,Thursday,13:00,passport_renewal,25,low,0,1,historical_sample
sandton,Thursday,13:00,passport_new,26,low,0,1,historical_sample
sandton,Thursday,13:00,id_application,26,low,0,1,historical_sample
sandton,Thursday,13:00,id_replacement,27,low,0,1,historical_sample
sandton,Thursday,13:00,birth_registration,24,low,0,1,historical_sample
sandton,Thursday,14:00,passport_renewal,22,low,0,1,historical_sample
sandton,Thursday,14:00,passport_new,24,low,0,1,historical_sample
sandton,Thursday,14:00,id_application,20,low,0,1,historical_sample
sandton,Thursday,15:00,passport_renewal,31,low,0,1,historical_sample
sandton,Thursday,15:00,birth_registration,24,low,0,1,historical_sample
jhb_cbd,Friday,08:00,passport_renewal,125,high,0,1,historical_sample
jhb_cbd,Friday,08:00,passport_new,108,high,0,1,historical_sample
jhb_cbd,Friday,08:00,id_replacement,106,high,0,1,historical_sample
jhb_cbd,Friday,08:00,birth_registration,92,high,0,1,historical_sample
jhb_cbd,Friday,09:00,passport_renewal,110,high,0,1,historical_sample
jhb_cbd,Friday,09:00,passport_new,100,high,0,1,historical_sample
jhb_cbd,Friday,09:00,id_application,94,high,0,1,historical_sample
jhb_cbd,Friday,09:00,id_replacement,98,high,0,1,historical_sample
jhb_cbd,Friday,09:00,birth_registration,85,high,0,1,historical_sample
jhb_cbd,Friday,10:00,passport_renewal,88,high,0,1,historical_sample
jhb_cbd,Friday,10:00,passport_new,93,high,0,1,historical_sample
jhb_cbd,Friday,10:00,id_application,84,high,0,1,historical_sample
jhb_cbd,Friday,10:00,id_replacement,90,high,0,1,historical_sample
jhb_cbd,Friday,10:00,birth_registration,92,high,0,1,historical_sample
jhb_cbd,Friday,11:00,passport_renewal,72,medium,0,1,historical_sample
jhb_cbd,Friday,11:00,passport_new,86,high,0,1,historical_sample
jhb_cbd,Friday,11:00,id_application,81,high,0,1,historical_sample
jhb_cbd,Friday,11:00,id_replacement,73,medium,0,1,historical_sample
jhb_cbd,Friday,12:00,passport_renewal,73,medium,0,1,historical_sample
jhb_cbd,Friday,12:00,passport_new,63,medium,0,1,historical_sample
jhb_cbd,Friday,12:00,id_application,69,medium,0,1,historical_sample
jhb_cbd,Friday,12:00,birth_registration,55,medium,0,1,historical_sample
jhb_cbd,Friday,13:00,passport_renewal,53,medium,0,1,historical_sample
jhb_cbd,Friday,13:00,passport_new,74,medium,0,1,historical_sample
jhb_cbd,Friday,13:00,id_replacement,60,medium,0,1,historical_sample
jhb_cbd,Friday,14:00,passport_new,48,medium,0,1,historical_sample
jhb_cbd,Friday,14:00,id_application,43,low,0,1,historical_sample
jhb_cbd,Friday,14:00,birth_registration,47,medium,0,1,historical_sample
jhb_cbd,Friday,15:00,passport_renewal,71,medium,0,1,historical_sample
jhb_cbd,Friday,15:00,id_replacement,73,medium,0,1,historical_sample
soweto,Friday,08:00,passport_renewal,82,high,0,1,historical_sample
soweto,Friday,08:00,birth_registration,76,medium,0,1,historical_sample
soweto,Friday,09:00,passport_renewal,72,medium,0,1,historical_sample
soweto,Friday,10:00,passport_renewal,65,medium,0,1,historical_sample
soweto,Friday,10:00,passport_new,58,medium,0,1,historical_sample
soweto,Friday,10:00,id_application,58,medium,0,1,historical_sample
soweto,Friday,10:00,birth_registration,49,medium,0,1,historical_sample
soweto,Friday,11:00,passport_new,61,medium,0,1,historical_sample
soweto,Friday,11:00,id_replacement,59,medium,0,1,historical_sample
soweto,Friday,12:00,passport_renewal,41,low,0,1,historical_sample
soweto,Friday,12:00,passport_new,52,medium,0,1,historical_sample
soweto,Friday,12:00,id_application,46,medium,0,1,historical_sample
soweto,Friday,12:00,id_replacement,49,medium,0,1,historical_sample
soweto,Friday,12:00,birth_registration,49,medium,0,1,historical_sample
soweto,Friday,13:00,id_application,38,low,0,1,historical_sample
soweto,Friday,13:00,id_replacement,45,medium,0,1,historical_sample
soweto,Friday,13:00,birth_registration,40,low,0,1,historical_sample
soweto,Friday,14:00,id_application,37,low,0,1,historical_sample
soweto,Friday,14:00,birth_registration,32,low,0,1,historical_sample
soweto,Friday,15:00,passport_renewal,49,medium,0,1,historical_sample
soweto,Friday,15:00,passport_new,45,medium,0,1,historical_sample
soweto,Friday,15:00,id_application,45,medium,0,1,historical_sample
randburg,Friday,08:00,id_application,74,medium,0,1,historical_sample
randburg,Friday,08:00,id_replacement,82,high,0,1,historical_sample
randburg,Friday,09:00,passport_renewal,59,medium,0,1,historical_sample
randburg,Friday,09:00,passport_new,78,medium,0,1,historical_sample
randburg,Friday,09:00,id_application,59,medium,0,1,historical_sample
randburg,Friday,09:00,birth_registration,66,medium,0,1,historical_sample
randburg,Friday,10:00,passport_renewal,60,medium,0,1,historical_sample
randburg,Friday,10:00,passport_new,67,medium,0,1,historical_sample
randburg,Friday,10:00,id_application,51,medium,0,1,historical_sample
randburg,Friday,10:00,id_replacement,57,medium,0,1,historical_sample
randburg,Friday,10:00,birth_registration,51,medium,0,1,historical_sample
randburg,Friday,11:00,passport_new,57,medium,0,1,historical_sample
randburg,Friday,11:00,id_application,43,low,0,1,historical_sample
randburg,Friday,11:00,birth_registration,40,low,0,1,historical_sample
randburg,Friday,12:00,passport_renewal,41,low,0,1,historical_sample
randburg,Friday,12:00,passport_new,44,low,0,1,historical_sample
randburg,Friday,12:00,id_replacement,42,low,0,1,historical_sample
randburg,Friday,12:00,birth_registration,35,low,0,1,historical_sample
randburg,Friday,13:00,passport_renewal,40,low,0,1,historical_sample
randburg,Friday,13:00,id_application,32,low,0,1,historical_sample
randburg,Friday,13:00,id_replacement,39,low,0,1,historical_sample
randburg,Friday,13:00,birth_registration,28,low,0,1,historical_sample
randburg,Friday,14:00,passport_renewal,36,low,0,1,historical_sample
randburg,Friday,14:00,id_replacement,33,low,0,1,historical_sample
randburg,Friday,14:00,birth_registration,30,low,0,1,historical_sample
randburg,Friday,15:00,passport_renewal,48,medium,0,1,historical_sample
randburg,Friday,15:00,passport_new,48,medium,0,1,historical_sample
randburg,Friday,15:00,id_application,44,low,0,1,historical_sample
randburg,Friday,15:00,id_replacement,46,medium,0,1,historical_sample
randburg,Friday,15:00,birth_registration,37,low,0,1,historical_sample
pta_cbd,Friday,08:00,passport_new,131,high,0,1,historical_sample
pta_cbd,Friday,08:00,id_application,116,high,0,1,historical_sample
pta_cbd,Friday,09:00,passport_renewal,124,high,0,1,historical_sample
pta_cbd,Friday,09:00,id_application,102,high,0,1,historical_sample
pta_cbd,Friday,09:00,birth_registration,95,high,0,1,historical_sample
pta_cbd,Friday,10:00,passport_renewal,94,high,0,1,historical_sample
pta_cbd,Friday,10:00,id_application,100,high,0,1,historical_sample
pta_cbd,Friday,11:00,passport_new,103,high,0,1,historical_sample
pta_cbd,Friday,11:00,id_application,84,high,0,1,historical_sample
pta_cbd,Friday,11:00,id_replacement,91,high,0,1,historical_sample
pta_cbd,Friday,11:00,birth_registration,75,medium,0,1,historical_sample
pta_cbd,Friday,12:00,id_replacement,64,medium,0,1,historical_sample
pta_cbd,Friday,12:00,birth_registration,62,medium,0,1,historical_sample
pta_cbd,Friday,13:00,passport_renewal,67,medium,0,1,historical_sample
pta_cbd,Friday,13:00,passport_new,63,medium,0,1,historical_sample
pta_cbd,Friday,13:00,id_replacement,73,medium,0,1,historical_sample
pta_cbd,Friday,13:00,birth_registration,64,medium,0,1,historical_sample
pta_cbd,Friday,14:00,passport_renewal,47,medium,0,1,historical_sample
pta_cbd,Friday,14:00,passport_new,61,medium,0,1,historical_sample
pta_cbd,Friday,14:00,id_application,54,medium,0,1,historical_sample
pta_cbd,Friday,14:00,birth_registration,52,medium,0,1,historical_sample
pta_cbd,Friday,15:00,passport_renewal,65,medium,0,1,historical_sample
pta_cbd,Friday,15:00,passport_new,77,medium,0,1,historical_sample
pta_cbd,Friday,15:00,id_application,59,medium,0,1,historical_sample
sandton,Friday,08:00,id_application,59,medium,0,1,historical_sample
sandton,Friday,08:00,id_replacement,77,medium,0,1,historical_sample
sandton,Friday,08:00,birth_registration,54,medium,0,1,historical_sample
sandton,Friday,09:00,passport_renewal,60,medium,0,1,historical_sample
sandton,Friday,09:00,id_replacement,63,medium,0,1,historical_sample
sandton,Friday,10:00,passport_renewal,45,medium,0,1,historical_sample
sandton,Friday,10:00,passport_new,59,medium,0,1,historical_sample
sandton,Friday,10:00,id_application,52,medium,0,1,historical_sample
sandton,Friday,10:00,id_replacement,58,medium,0,1,historical_sample
sandton,Friday,11:00,passport_new,51,medium,0,1,historical_sample
sandton,Friday,11:00,id_application,46,medium,0,1,historical_sample
sandton,Friday,11:00,id_replacement,49,medium,0,1,historical_sample
sandton,Friday,11:00,birth_registration,42,low,0,1,historical_sample
sandton,Friday,12:00,passport_new,42,low,0,1,historical_sample
sandton,Friday,12:00,id_application,38,low,0,1,historical_sample
sandton,Friday,13:00,passport_new,36,low,0,1,historical_sample
sandton,Friday,13:00,id_replacement,33,low,0,1,historical_sample
sandton,Friday,13:00,birth_registration,32,low,0,1,historical_sample
sandton,Friday,14:00,passport_renewal,34,low,0,1,historical_sample
sandton,Friday,14:00,id_application,29,low,0,1,historical_sample
sandton,Friday,14:00,birth_registration,25,low,0,1,historical_sample
sandton,Friday,15:00,id_replacement,45,medium,0,1,historical_sample
jhb_cbd,Monday,08:00,passport_renewal,106,high,0,2,historical_sample
jhb_cbd,Monday,08:00,id_application,106,high,0,2,historical_sample
jhb_cbd,Monday,08:00,id_replacement,124,high,0,2,historical_sample
jhb_cbd,Monday,08:00,birth_registration,106,high,0,2,historical_sample
jhb_cbd,Monday,09:00,id_application,101,high,0,2,historical_sample
jhb_cbd,Monday,09:00,id_replacement,102,high,0,2,historical_sample
jhb_cbd,Monday,09:00,birth_registration,82,high,0,2,historical_sample
jhb_cbd,Monday,10:00,passport_renewal,104,high,0,2,historical_sample
jhb_cbd,Monday,10:00,passport_new,102,high,0,2,historical_sample
jhb_cbd,Monday,10:00,id_application,98,high,0,2,historical_sample
jhb_cbd,Monday,10:00,id_replacement,109,high,0,2,historical_sample
jhb_cbd,Monday,10:00,birth_registration,91,high,0,2,historical_sample
jhb_cbd,Monday,11:00,passport_renewal,78,medium,0,2,historical_sample
jhb_cbd,Monday,11:00,passport_new,81,high,0,2,historical_sample
jhb_cbd,Monday,11:00,id_application,67,medium,0,2,historical_sample
jhb_cbd,Monday,11:00,id_replacement,92,high,0,2,historical_sample
jhb_cbd,Monday,12:00,passport_renewal,72,medium,0,2,historical_sample
jhb_cbd,Monday,12:00,id_application,63,medium,0,2,historical_sample
jhb_cbd,Monday,12:00,id_replacement,68,medium,0,2,historical_sample
jhb_cbd,Monday,12:00,birth_registration,66,medium,0,2,historical_sample
jhb_cbd,Monday,13:00,passport_new,68,medium,0,2,historical_sample
jhb_cbd,Monday,14:00,passport_renewal,49,medium,0,2,historical_sample
jhb_cbd,Monday,14:00,passport_new,55,medium,0,2,historical_sample
jhb_cbd,Monday,14:00,id_replacement,47,medium,0,2,historical_sample
jhb_cbd,Monday,14:00,birth_registration,48,medium,0,2,historical_sample
jhb_cbd,Monday,15:00,id_application,65,medium,0,2,historical_sample
jhb_cbd,Monday,15:00,id_replacement,67,medium,0,2,historical_sample
jhb_cbd,Monday,15:00,birth_registration,59,medium,0,2,historical_sample
soweto,Monday,08:00,passport_renewal,100,high,0,2,historical_sample
soweto,Monday,08:00,passport_new,104,high,0,2,historical_sample
soweto,Monday,08:00,id_application,87,high,0,2,historical_sample
soweto,Monday,08:00,birth_registration,89,high,0,2,historical_sample
soweto,Monday,09:00,passport_renewal,81,high,0,2,historical_sample
soweto,Monday,09:00,passport_new,87,high,0,2,historical_sample
soweto,Monday,09:00,id_application,64,medium,0,2,historical_sample
soweto,Monday,09:00,id_replacement,81,high,0,2,historical_sample
soweto,Monday,09:00,birth_registration,60,medium,0,2,historical_sample
soweto,Monday,10:00,passport_renewal,53,medium,0,2,historical_sample
soweto,Monday,10:00,passport_new,60,medium,0,2,historical_sample
soweto,Monday,11:00,passport_renewal,54,medium,0,2,historical_sample
soweto,Monday,11:00,passport_new,69,medium,0,2,historical_sample
soweto,Monday,11:00,id_application,57,medium,0,2,historical_sample
soweto,Monday,12:00,id_application,47,medium,0,2,historical_sample
soweto,Monday,13:00,passport_renewal,41,low,0,2,historical_sample
soweto,Monday,13:00,passport_new,52,medium,0,2,historical_sample
soweto,Monday,13:00,id_application,43,low,0,2,historical_sample
soweto,Monday,13:00,id_replacement,47,medium,0,2,historical_sample
soweto,Monday,14:00,passport_new,37,low,0,2,historical_sample
soweto,Monday,14:00,id_application,33,low,0,2,historical_sample
soweto,Monday,15:00,passport_renewal,47,medium,0,2,historical_sample
soweto,Monday,15:00,id_application,51,medium,0,2,historical_sample
randburg,Monday,08:00,passport_renewal,78,medium,0,2,historical_sample
randburg,Monday,08:00,passport_new,97,high,0,2,historical_sample
randburg,Monday,08:00,id_application,84,high,0,2,historical_sample
randburg,Monday,09:00,passport_renewal,65,medium,0,2,historical_sample
randburg,Monday,09:00,passport_new,70,medium,0,2,historical_sample
randburg,Monday,09:00,id_application,59,medium,0,2,historical_sample
randburg,Monday,09:00,id_replacement,81,high,0,2,historical_sample
randburg,Monday,09:00,birth_registration,55,medium,0,2,historical_sample
randburg,Monday,10:00,passport_renewal,57,medium,0,2,historical_sample
randburg,Monday,10:00,id_application,53,medium,0,2,historical_sample
randburg,Monday,10:00,id_replacement,51,medium,0,2,historical_sample
randburg,Monday,10:00,birth_registration,53,medium,0,2,historical_sample
randburg,Monday,11:00,passport_new,46,medium,0,2,historical_sample
randburg,Monday,11:00,id_application,53,medium,0,2,historical_sample
randburg,Monday,11:00,id_replacement,59,medium,0,2,historical_sample
randburg,Monday,11:00,birth_registration,44,low,0,2,historical_sample
randburg,Monday,12:00,passport_new,45,medium,0,2,historical_sample
randburg,Monday,12:00,id_application,46,medium,0,2,historical_sample
randburg,Monday,12:00,birth_registration,39,low,0,2,historical_sample
randburg,Monday,13:00,passport_renewal,42,low,0,2,historical_sample
randburg,Monday,13:00,passport_new,37,low,0,2,historical_sample
randburg,Monday,13:00,id_application,32,low,0,2,historical_sample
randburg,Monday,13:00,id_replacement,45,medium,0,2,historical_sample
randburg,Monday,13:00,birth_registration,33,low,0,2,historical_sample
randburg,Monday,14:00,passport_renewal,39,low,0,2,historical_sample
randburg,Monday,14:00,passport_new,42,low,0,2,historical_sample
randburg,Monday,14:00,id_replacement,32,low,0,2,historical_sample
randburg,Monday,14:00,birth_registration,29,low,0,2,historical_sample
randburg,Monday,15:00,passport_renewal,48,medium,0,2,historical_sample
randburg,Monday,15:00,passport_new,59,medium,0,2,historical_sample
randburg,Monday,15:00,id_application,44,low,0,2,historical_sample
pta_cbd,Monday,08:00,passport_new,127,high,0,2,historical_sample
pta_cbd,Monday,08:00,id_replacement,142,high,0,2,historical_sample
pta_cbd,Monday,08:00,birth_registration,121,high,0,2,historical_sample
pta_cbd,Monday,09:00,passport_new,138,high,0,2,historical_sample
pta_cbd,Monday,09:00,id_application,107,high,0,2,historical_sample
pta_cbd,Monday,09:00,birth_registration,91,high,0,2,historical_sample
pta_cbd,Monday,11:00,passport_renewal,99,high,0,2,historical_sample
pta_cbd,Monday,11:00,id_application,70,medium,0,2,historical_sample
pta_cbd,Monday,11:00,id_replacement,97,high,0,2,historical_sample
pta_cbd,Monday,12:00,id_application,71,medium,0,2,historical_sample
pta_cbd,Monday,12:00,id_replacement,83,high,0,2,historical_sample
pta_cbd,Monday,13:00,passport_new,70,medium,0,2,historical_sample
pta_cbd,Monday,13:00,id_application,59,medium,0,2,historical_sample
pta_cbd,Monday,14:00,passport_renewal,58,medium,0,2,historical_sample
pta_cbd,Monday,14:00,passport_new,62,medium,0,2,historical_sample
pta_cbd,Monday,14:00,id_application,54,medium,0,2,historical_sample
pta_cbd,Monday,14:00,id_replacement,54,medium,0,2,historical_sample
pta_cbd,Monday,15:00,passport_renewal,83,high,0,2,historical_sample
pta_cbd,Monday,15:00,id_application,75,medium,0,2,historical_sample
pta_cbd,Monday,15:00,birth_registration,58,medium,0,2,historical_sample
sandton,Monday,08:00,passport_renewal,68,medium,0,2,historical_sample
sandton,Monday,08:00,passport_new,67,medium,0,2,historical_sample
sandton,Monday,08:00,id_replacement,63,medium,0,2,historical_sample
sandton,Monday,09:00,passport_renewal,54,medium,0,2,historical_sample
sandton,Monday,09:00,passport_new,75,medium,0,2,historical_sample
sandton,Monday,09:00,id_application,59,medium,0,2,historical_sample
sandton,Monday,09:00,id_replacement,56,medium,0,2,historical_sample
sandton,Monday,09:00,birth_registration,61,medium,0,2,historical_sample
sandton,Monday,10:00,passport_renewal,50,medium,0,2,historical_sample
sandton,Monday,10:00,passport_new,62,medium,0,2,historical_sample
sandton,Monday,10:00,id_application,43,low,0,2,historical_sample
sandton,Monday,11:00,passport_renewal,53,medium,0,2,historical_sample
sandton,Monday,11:00,id_application,38,low,0,2,historical_sample
sandton,Monday,11:00,id_replacement,53,medium,0,2,historical_sample
sandton,Monday,11:00,birth_registration,48,medium,0,2,historical_sample
sandton,Monday,12:00,passport_renewal,39,low,0,2,historical_sample
sandton,Monday,12:00,passport_new,42,low,0,2,historical_sample
sandton,Monday,12:00,id_application,42,low,0,2,historical_sample
sandton,Monday,12:00,id_replacement,44,low,0,2,historical_sample
sandton,Monday,12:00,birth_registration,36,low,0,2,historical_sample
sandton,Monday,13:00,passport_renewal,33,low,0,2,historical_sample
sandton,Monday,13:00,id_application,33,low,0,2,historical_sample
sandton,Monday,13:00,id_replacement,33,low,0,2,historical_sample
sandton,Monday,14:00,id_application,30,low,0,2,historical_sample
sandton,Monday,14:00,id_replacement,35,low,0,2,historical_sample
sandton,Monday,15:00,id_application,44,low,0,2,historical_sample
sandton,Monday,15:00,birth_registration,38,low,0,2,historical_sample
jhb_cbd,Tuesday,08:00,passport_renewal,111,high,0,2,historical_sample
jhb_cbd,Tuesday,09:00,passport_renewal,94,high,0,2,historical_sample
jhb_cbd,Tuesday,09:00,id_application,82,high,0,2,historical_sample
jhb_cbd,Tuesday,10:00,passport_renewal,68,medium,0,2,historical_sample
jhb_cbd,Tuesday,10:00,passport_new,81,high,0,2,historical_sample
jhb_cbd,Tuesday,10:00,id_application,80,high,0,2,historical_sample
jhb_cbd,Tuesday,10:00,birth_registration,74,medium,0,2,historical_sample
jhb_cbd,Tuesday,11:00,id_replacement,65,medium,0,2,historical_sample
jhb_cbd,Tuesday,12:00,passport_new,70,medium,0,2,historical_sample
jhb_cbd,Tuesday,12:00,id_application,56,medium,0,2,historical_sample
jhb_cbd,Tuesday,12:00,id_replacement,60,medium,0,2,historical_sample
jhb_cbd,Tuesday,12:00,birth_registration,58,medium,0,2,historical_sample
jhb_cbd,Tuesday,13:00,passport_renewal,57,medium,0,2,historical_sample
jhb_cbd,Tuesday,13:00,id_application,44,low,0,2,historical_sample
jhb_cbd,Tuesday,13:00,id_replacement,59,medium,0,2,historical_sample
jhb_cbd,Tuesday,13:00,birth_registration,52,medium,0,2,historical_sample
jhb_cbd,Tuesday,14:00,passport_new,50,medium,0,2,historical_sample
jhb_cbd,Tuesday,14:00,id_application,40,low,0,2,historical_sample
jhb_cbd,Tuesday,14:00,id_replacement,44,low,0,2,historical_sample
jhb_cbd,Tuesday,15:00,id_application,61,medium,0,2,historical_sample
jhb_cbd,Tuesday,15:00,id_replacement,53,medium,0,2,historical_sample
jhb_cbd,Tuesday,15:00,birth_registration,47,medium,0,2,historical_sample
soweto,Tuesday,08:00,passport_new,83,high,0,2,historical_sample
soweto,Tuesday,08:00,id_application,63,medium,0,2,historical_sample
soweto,Tuesday,08:00,id_replacement,82,high,0,2,historical_sample
soweto,Tuesday,08:00,birth_registration,65,medium,0,2,historical_sample
soweto,Tuesday,09:00,passport_renewal,59,medium,0,2,historical_sample
soweto,Tuesday,09:00,passport_new,59,medium,0,2,historical_sample
soweto,Tuesday,09:00,id_application,68,medium,0,2,historical_sample
soweto,Tuesday,09:00,birth_registration,56,medium,0,2,historical_sample
soweto,Tuesday,10:00,passport_new,52,medium,0,2,historical_sample
soweto,Tuesday,10:00,id_application,50,medium,0,2,historical_sample
soweto,Tuesday,10:00,id_replacement,53,medium,0,2,historical_sample
soweto,Tuesday,10:00,birth_registration,45,medium,0,2,historical_sample
soweto,Tuesday,11:00,passport_new,51,medium,0,2,historical_sample
soweto,Tuesday,11:00,id_replacement,49,medium,0,2,historical_sample
soweto,Tuesday,11:00,birth_registration,47,medium,0,2,historical_sample
soweto,Tuesday,12:00,passport_renewal,40,low,0,2,historical_sample
soweto,Tuesday,12:00,passport_new,42,low,0,2,historical_sample
soweto,Tuesday,12:00,birth_registration,38,low,0,2,historical_sample
soweto,Tuesday,13:00,passport_renewal,32,low,0,2,historical_sample
soweto,Tuesday,13:00,id_application,38,low,0,2,historical_sample
soweto,Tuesday,13:00,id_replacement,40,low,0,2,historical_sample
soweto,Tuesday,13:00,birth_registration,30,low,0,2,historical_sample
soweto,Tuesday,14:00,passport_renewal,35,low,0,2,historical_sample
soweto,Tuesday,14:00,passport_new,34,low,0,2,historical_sample
soweto,Tuesday,14:00,id_replacement,29,low,0,2,historical_sample
soweto,Tuesday,14:00,birth_registration,28,low,0,2,historical_sample
soweto,Tuesday,15:00,passport_renewal,42,low,0,2,historical_sample
soweto,Tuesday,15:00,passport_new,40,low,0,2,historical_sample
soweto,Tuesday,15:00,id_replacement,49,medium,0,2,historical_sample
soweto,Tuesday,15:00,birth_registration,40,low,0,2,historical_sample
randburg,Tuesday,08:00,passport_renewal,75,medium,0,2,historical_sample
randburg,Tuesday,08:00,id_application,55,medium,0,2,historical_sample
randburg,Tuesday,08:00,id_replacement,68,medium,0,2,historical_sample
randburg,Tuesday,08:00,birth_registration,64,medium,0,2,historical_sample
randburg,Tuesday,09:00,passport_renewal,57,medium,0,2,historical_sample
randburg,Tuesday,09:00,passport_new,54,medium,0,2,historical_sample
randburg,Tuesday,09:00,id_application,46,medium,0,2,historical_sample
randburg,Tuesday,09:00,id_replacement,56,medium,0,2,historical_sample
randburg,Tuesday,09:00,birth_registration,44,low,0,2,historical_sample
randburg,Tuesday,10:00,passport_renewal,49,medium,0,2,historical_sample
randburg,Tuesday,10:00,passport_new,58,medium,0,2,historical_sample
randburg,Tuesday,11:00,passport_new,50,medium,0,2,historical_sample
randburg,Tuesday,11:00,id_replacement,42,low,0,2,historical_sample
randburg,Tuesday,11:00,birth_registration,38,low,0,2,historical_sample
randburg,Tuesday,12:00,passport_renewal,33,low,0,2,historical_sample
randburg,Tuesday,12:00,passport_new,44,low,0,2,historical_sample
randburg,Tuesday,12:00,id_application,38,low,0,2,historical_sample
randburg,Tuesday,12:00,id_replacement,33,low,0,2,historical_sample
randburg,Tuesday,12:00,birth_registration,33,low,0,2,historical_sample
randburg,Tuesday,13:00,id_replacement,32,low,0,2,historical_sample
randburg,Tuesday,13:00,birth_registration,28,low,0,2,historical_sample
randburg,Tuesday,14:00,passport_renewal,25,low,0,2,historical_sample
randburg,Tuesday,14:00,passport_new,27,low,0,2,historical_sample
randburg,Tuesday,14:00,id_replacement,34,low,0,2,historical_sample
randburg,Tuesday,14:00,birth_registration,22,low,0,2,historical_sample
randburg,Tuesday,15:00,passport_new,49,medium,0,2,historical_sample
randburg,Tuesday,15:00,id_application,32,low,0,2,historical_sample
randburg,Tuesday,15:00,id_replacement,39,low,0,2,historical_sample
randburg,Tuesday,15:00,birth_registration,36,low,0,2,historical_sample
pta_cbd,Tuesday,08:00,passport_renewal,111,high,0,2,historical_sample
pta_cbd,Tuesday,08:00,passport_new,100,high,0,2,historical_sample
pta_cbd,Tuesday,08:00,birth_registration,91,high,0,2,historical_sample
pta_cbd,Tuesday,09:00,passport_renewal,89,high,0,2,historical_sample
pta_cbd,Tuesday,09:00,passport_new,92,high,0,2,historical_sample
pta_cbd,Tuesday,09:00,id_application,95,high,0,2,historical_sample
pta_cbd,Tuesday,09:00,id_replacement,113,high,0,2,historical_sample
pta_cbd,Tuesday,10:00,passport_renewal,92,high,0,2,historical_sample
pta_cbd,Tuesday,10:00,id_application,90,high,0,2,historical_sample
pta_cbd,Tuesday,10:00,id_replacement,95,high,0,2,historical_sample
pta_cbd,Tuesday,11:00,passport_new,80,high,0,2,historical_sample
pta_cbd,Tuesday,11:00,id_application,79,medium,0,2,historical_sample
pta_cbd,Tuesday,11:00,id_replacement,81,high,0,2,historical_sample
pta_cbd,Tuesday,11:00,birth_registration,57,medium,0,2,historical_sample
pta_cbd,Tuesday,12:00,passport_renewal,68,medium,0,2,historical_sample
pta_cbd,Tuesday,12:00,passport_new,60,medium,0,2,historical_sample
pta_cbd,Tuesday,12:00,id_replacement,68,medium,0,2,historical_sample
pta_cbd,Tuesday,12:00,birth_registration,53,medium,0,2,historical_sample
pta_cbd,Tuesday,13:00,id_replacement,56,medium,0,2,historical_sample
pta_cbd,Tuesday,14:00,passport_new,52,medium,0,2,historical_sample
pta_cbd,Tuesday,14:00,id_application,38,low,0,2,historical_sample
pta_cbd,Tuesday,14:00,id_replacement,43,low,0,2,historical_sample
pta_cbd,Tuesday,14:00,birth_registration,40,low,0,2,historical_sample
pta_cbd,Tuesday,15:00,passport_renewal,59,medium,0,2,historical_sample
pta_cbd,Tuesday,15:00,passport_new,60,medium,0,2,historical_sample
pta_cbd,Tuesday,15:00,id_application,67,medium,0,2,historical_sample
pta_cbd,Tuesday,15:00,id_replacement,67,medium,0,2,historical_sample
sandton,Tuesday,08:00,passport_renewal,51,medium,0,2,historical_sample
sandton,Tuesday,08:00,id_application,47,medium,0,2,historical_sample
sandton,Tuesday,08:00,id_replacement,59,medium,0,2,historical_sample
sandton,Tuesday,08:00,birth_registration,45,medium,0,2,historical_sample
sandton,Tuesday,09:00,id_application,51,medium,0,2,historical_sample
sandton,Tuesday,10:00,passport_new,46,medium,0,2,historical_sample
sandton,Tuesday,10:00,id_application,45,medium,0,2,historical_sample
sandton,Tuesday,11:00,passport_renewal,44,low,0,2,historical_sample
sandton,Tuesday,11:00,passport_new,39,low,0,2,historical_sample
sandton,Tuesday,11:00,id_replacement,38,low,0,2,historical_sample
sandton,Tuesday,12:00,passport_renewal,38,low,0,2,historical_sample
sandton,Tuesday,12:00,id_application,31,low,0,2,historical_sample
sandton,Tuesday,12:00,id_replacement,32,low,0,2,historical_sample
sandton,Tuesday,12:00,birth_registration,33,low,0,2,historical_sample
sandton,Tuesday,13:00,passport_renewal,25,low,0,2,historical_sample
sandton,Tuesday,13:00,passport_new,33,low,0,2,historical_sample
sandton,Tuesday,13:00,id_application,29,low,0,2,historical_sample
sandton,Tuesday,13:00,id_replacement,35,low,0,2,historical_sample
sandton,Tuesday,13:00,birth_registration,28,low,0,2,historical_sample
sandton,Tuesday,14:00,passport_renewal,24,low,0,2,historical_sample
sandton,Tuesday,14:00,passport_new,31,low,0,2,historical_sample
sandton,Tuesday,14:00,id_application,24,low,0,2,historical_sample
sandton,Tuesday,14:00,id_replacement,28,low,0,2,historical_sample
sandton,Tuesday,15:00,passport_renewal,39,low,0,2,historical_sample
sandton,Tuesday,15:00,passport_new,35,low,0,2,historical_sample
sandton,Tuesday,15:00,id_application,34,low,0,2,historical_sample
sandton,Tuesday,15:00,id_replacement,38,low,0,2,historical_sample
sandton,Tuesday,15:00,birth_registration,34,low,0,2,historical_sample
jhb_cbd,Wednesday,08:00,passport_renewal,98,high,0,2,historical_sample
jhb_cbd,Wednesday,08:00,passport_new,111,high,0,2,historical_sample
jhb_cbd,Wednesday,08:00,id_application,89,high,0,2,historical_sample
jhb_cbd,Wednesday,08:00,birth_registration,85,high,0,2,historical_sample
jhb_cbd,Wednesday,09:00,passport_renewal,84,high,0,2,historical_sample
jhb_cbd,Wednesday,09:00,id_application,80,high,0,2,historical_sample
jhb_cbd,Wednesday,09:00,id_replacement,91,high,0,2,historical_sample
jhb_cbd,Wednesday,09:00,birth_registration,71,medium,0,2,historical_sample
jhb_cbd,Wednesday,10:00,id_application,68,medium,0,2,historical_sample
jhb_cbd,Wednesday,10:00,id_replacement,76,medium,0,2,historical_sample
jhb_cbd,Wednesday,10:00,birth_registration,62,medium,0,2,historical_sample
jhb_cbd,Wednesday,11:00,passport_renewal,63,medium,0,2,historical_sample
jhb_cbd,Wednesday,11:00,passport_new,64,medium,0,2,historical_sample
jhb_cbd,Wednesday,11:00,birth_registration,63,medium,0,2,historical_sample
jhb_cbd,Wednesday,12:00,passport_new,51,medium,0,2,historical_sample
jhb_cbd,Wednesday,12:00,id_replacement,50,medium,0,2,historical_sample
jhb_cbd,Wednesday,12:00,birth_registration,46,medium,0,2,historical_sample
jhb_cbd,Wednesday,13:00,passport_renewal,50,medium,0,2,historical_sample
jhb_cbd,Wednesday,13:00,id_replacement,44,low,0,2,historical_sample
jhb_cbd,Wednesday,13:00,birth_registration,44,low,0,2,historical_sample
jhb_cbd,Wednesday,14:00,passport_renewal,34,low,0,2,historical_sample
jhb_cbd,Wednesday,14:00,passport_new,38,low,0,2,historical_sample
jhb_cbd,Wednesday,14:00,birth_registration,38,low,0,2,historical_sample
jhb_cbd,Wednesday,15:00,passport_new,52,medium,0,2,historical_sample
jhb_cbd,Wednesday,15:00,id_application,48,medium,0,2,historical_sample
jhb_cbd,Wednesday,15:00,birth_registration,42,low,0,2,historical_sample
soweto,Wednesday,08:00,passport_renewal,64,medium,0,2,historical_sample
soweto,Wednesday,08:00,passport_new,66,medium,0,2,historical_sample
soweto,Wednesday,08:00,id_application,69,medium,0,2,historical_sample
soweto,Wednesday,09:00,passport_renewal,51,medium,0,2,historical_sample
soweto,Wednesday,09:00,id_application,50,medium,0,2,historical_sample
soweto,Wednesday,09:00,id_replacement,60,medium,0,2,historical_sample
soweto,Wednesday,09:00,birth_registration,52,medium,0,2,historical_sample
soweto,Wednesday,10:00,passport_renewal,48,medium,0,2,historical_sample
soweto,Wednesday,10:00,id_application,46,medium,0,2,historical_sample
soweto,Wednesday,10:00,id_replacement,52,medium,0,2,historical_sample
soweto,Wednesday,11:00,passport_renewal,37,low,0,2,historical_sample
soweto,Wednesday,12:00,passport_renewal,38,low,0,2,historical_sample
soweto,Wednesday,12:00,passport_new,37,low,0,2,historical_sample
soweto,Wednesday,12:00,id_application,32,low,0,2,historical_sample
soweto,Wednesday,12:00,id_replacement,42,low,0,2,historical_sample
soweto,Wednesday,12:00,birth_registration,39,low,0,2,historical_sample
soweto,Wednesday,13:00,passport_renewal,33,low,0,2,historical_sample
soweto,Wednesday,13:00,id_replacement,30,low,0,2,historical_sample
soweto,Wednesday,13:00,birth_registration,25,low,0,2,historical_sample
soweto,Wednesday,14:00,passport_new,35,low,0,2,historical_sample
soweto,Wednesday,14:00,id_application,27,low,0,2,historical_sample
soweto,Wednesday,14:00,id_replacement,29,low,0,2,historical_sample
soweto,Wednesday,14:00,birth_registration,25,low,0,2,historical_sample
soweto,Wednesday,15:00,id_application,33,low,0,2,historical_sample
soweto,Wednesday,15:00,birth_registration,30,low,0,2,historical_sample
randburg,Wednesday,08:00,passport_renewal,66,medium,0,2,historical_sample
randburg,Wednesday,08:00,passport_new,68,medium,0,2,historical_sample
randburg,Wednesday,08:00,birth_registration,60,medium,0,2,historical_sample
randburg,Wednesday,09:00,passport_renewal,57,medium,0,2,historical_sample
randburg,Wednesday,09:00,id_application,50,medium,0,2,historical_sample
randburg,Wednesday,09:00,id_replacement,48,medium,0,2,historical_sample
randburg,Wednesday,09:00,birth_registration,50,medium,0,2,historical_sample
randburg,Wednesday,10:00,passport_new,46,medium,0,2,historical_sample
randburg,Wednesday,10:00,id_replacement,44,low,0,2,historical_sample
randburg,Wednesday,10:00,birth_registration,41,low,0,2,historical_sample
randburg,Wednesday,11:00,passport_new,42,low,0,2,historical_sample
randburg,Wednesday,11:00,id_application,38,low,0,2,historical_sample
randburg,Wednesday,11:00,id_replacement,35,low,0,2,historical_sample
randburg,Wednesday,12:00,id_replacement,32,low,0,2,historical_sample
randburg,Wednesday,12:00,birth_registration,28,low,0,2,historical_sample
randburg,Wednesday,13:00,passport_renewal,26,low,0,2,historical_sample
randburg,Wednesday,13:00,id_application,31,low,0,2,historical_sample
randburg,Wednesday,13:00,id_replacement,26,low,0,2,historical_sample
randburg,Wednesday,13:00,birth_registration,27,low,0,2,historical_sample
randburg,Wednesday,14:00,passport_renewal,30,low,0,2,historical_sample
randburg,Wednesday,14:00,passport_new,25,low,0,2,historical_sample
randburg,Wednesday,14:00,id_application,23,low,0,2,historical_sample
randburg,Wednesday,14:00,id_replacement,30,low,0,2,historical_sample
randburg,Wednesday,14:00,birth_registration,25,low,0,2,historical_sample
randburg,Wednesday,15:00,passport_renewal,36,low,0,2,historical_sample
randburg,Wednesday,15:00,id_application,33,low,0,2,historical_sample
randburg,Wednesday,15:00,id_replacement,42,low,0,2,historical_sample
pta_cbd,Wednesday,08:00,passport_renewal,88,high,0,2,historical_sample
pta_cbd,Wednesday,08:00,passport_new,100,high,0,2,historical_sample
pta_cbd,Wednesday,08:00,id_application,85,high,0,2,historical_sample
pta_cbd,Wednesday,08:00,birth_registration,91,high,0,2,historical_sample
pta_cbd,Wednesday,09:00,passport_renewal,84,high,0,2,historical_sample
pta_cbd,Wednesday,09:00,passport_new,90,high,0,2,historical_sample
pta_cbd,Wednesday,09:00,id_replacement,82,high,0,2,historical_sample
pta_cbd,Wednesday,09:00,birth_registration,70,medium,0,2,historical_sample
pta_cbd,Wednesday,10:00,passport_new,79,medium,0,2,historical_sample
pta_cbd,Wednesday,10:00,id_application,73,medium,0,2,historical_sample
pta_cbd,Wednesday,10:00,id_replacement,76,medium,0,2,historical_sample
pta_cbd,Wednesday,10:00,birth_registration,59,medium,0,2,historical_sample
pta_cbd,Wednesday,11:00,passport_new,72,medium,0,2,historical_sample
pta_cbd,Wednesday,11:00,id_replacement,68,medium,0,2,historical_sample
pta_cbd,Wednesday,12:00,passport_renewal,51,medium,0,2,historical_sample
pta_cbd,Wednesday,12:00,passport_new,55,medium,0,2,historical_sample
pta_cbd,Wednesday,12:00,id_application,48,medium,0,2,historical_sample
pta_cbd,Wednesday,12:00,id_replacement,55,medium,0,2,historical_sample
pta_cbd,Wednesday,12:00,birth_registration,47,medium,0,2,historical_sample
pta_cbd,Wednesday,13:00,passport_renewal,58,medium,0,2,historical_sample
pta_cbd,Wednesday,13:00,id_application,46,medium,0,2,historical_sample
pta_cbd,Wednesday,13:00,id_replacement,50,medium,0,2,historical_sample
pta_cbd,Wednesday,13:00,birth_registration,49,medium,0,2,historical_sample
pta_cbd,Wednesday,14:00,passport_new,41,low,0,2,historical_sample
pta_cbd,Wednesday,14:00,id_replacement,38,low,0,2,historical_sample
pta_cbd,Wednesday,14:00,birth_registration,42,low,0,2,historical_sample
pta_cbd,Wednesday,15:00,passport_renewal,55,medium,0,2,historical_sample
pta_cbd,Wednesday,15:00,id_replacement,63,medium,0,2,historical_sample
sandton,Wednesday,08:00,passport_new,51,medium,0,2,historical_sample
sandton,Wednesday,08:00,id_application,53,medium,0,2,historical_sample
sandton,Wednesday,08:00,birth_registration,41,low,0,2,historical_sample
sandton,Wednesday,09:00,passport_renewal,40,low,0,2,historical_sample
sandton,Wednesday,09:00,passport_new,51,medium,0,2,historical_sample
sandton,Wednesday,09:00,id_application,46,medium,0,2,historical_sample
sandton,Wednesday,09:00,birth_registration,45,medium,0,2,historical_sample
sandton,Wednesday,10:00,passport_renewal,34,low,0,2,historical_sample
sandton,Wednesday,10:00,id_application,38,low,0,2,historical_sample
sandton,Wednesday,10:00,id_replacement,47,medium,0,2,historical_sample
sandton,Wednesday,11:00,id_replacement,39,low,0,2,historical_sample
sandton,Wednesday,11:00,birth_registration,35,low,0,2,historical_sample
sandton,Wednesday,12:00,passport_renewal,33,low,0,2,historical_sample
sandton,Wednesday,12:00,passport_new,31,low,0,2,historical_sample
sandton,Wednesday,12:00,id_application,28,low,0,2,historical_sample
sandton,Wednesday,12:00,id_replacement,29,low,0,2,historical_sample
sandton,Wednesday,13:00,passport_renewal,30,low,0,2,historical_sample
sandton,Wednesday,13:00,passport_new,25,low,0,2,historical_sample
sandton,Wednesday,13:00,id_application,25,low,0,2,historical_sample
sandton,Wednesday,13:00,id_replacement,31,low,0,2,historical_sample
sandton,Wednesday,13:00,birth_registration,27,low,0,2,historical_sample
sandton,Wednesday,14:00,passport_new,26,low,0,2,historical_sample
sandton,Wednesday,14:00,id_application,23,low,0,2,historical_sample
sandton,Wednesday,14:00,id_replacement,28,low,0,2,historical_sample
sandton,Wednesday,14:00,birth_registration,18,low,0,2,historical_sample
sandton,Wednesday,15:00,birth_registration,29,low,0,2,historical_sample
jhb_cbd,Thursday,08:00,passport_renewal,85,high,0,2,historical_sample
jhb_cbd,Thursday,08:00,passport_new,99,high,0,2,historical_sample
jhb_cbd,Thursday,08:00,id_replacement,92,high,0,2,historical_sample
jhb_cbd,Thursday,09:00,passport_new,76,medium,0,2,historical_sample
jhb_cbd,Thursday,09:00,id_application,73,medium,0,2,historical_sample
jhb_cbd,Thursday,09:00,id_replacement,83,high,0,2,historical_sample
jhb_cbd,Thursday,09:00,birth_registration,72,medium,0,2,historical_sample
jhb_cbd,Thursday,10:00,passport_new,79,medium,0,2,historical_sample
jhb_cbd,Thursday,10:00,id_application,55,medium,0,2,historical_sample
jhb_cbd,Thursday,10:00,birth_registration,59,medium,0,2,historical_sample
jhb_cbd,Thursday,11:00,passport_renewal,55,medium,0,2,historical_sample
jhb_cbd,Thursday,11:00,passport_new,68,medium,0,2,historical_sample
jhb_cbd,Thursday,11:00,id_replacement,65,medium,0,2,historical_sample
jhb_cbd,Thursday,12:00,passport_renewal,49,medium,0,2,historical_sample
jhb_cbd,Thursday,12:00,passport_new,58,medium,0,2,historical_sample
jhb_cbd,Thursday,12:00,birth_registration,41,low,0,2,historical_sample
jhb_cbd,Thursday,13:00,passport_renewal,48,medium,0,2,historical_sample
jhb_cbd,Thursday,13:00,id_application,39,low,0,2,historical_sample
jhb_cbd,Thursday,13:00,birth_registration,41,low,0,2,historical_sample
jhb_cbd,Thursday,14:00,passport_new,37,low,0,2,historical_sample
jhb_cbd,Thursday,14:00,id_application,34,low,0,2,historical_sample
jhb_cbd,Thursday,14:00,id_replacement,35,low,0,2,historical_sample
jhb_cbd,Thursday,15:00,passport_renewal,52,medium,0,2,historical_sample
jhb_cbd,Thursday,15:00,id_application,40,low,0,2,historical_sample
jhb_cbd,Thursday,15:00,id_replacement,47,medium,0,2,historical_sample
jhb_cbd,Thursday,15:00,birth_registration,42,low,0,2,historical_sample
soweto,Thursday,08:00,passport_new,76,medium,0,2,historical_sample
soweto,Thursday,08:00,id_application,67,medium,0,2,historical_sample
soweto,Thursday,08:00,id_replacement,64,medium,0,2,historical_sample
soweto,Thursday,09:00,passport_renewal,57,medium,0,2,historical_sample
soweto,Thursday,09:00,id_replacement,56,medium,0,2,historical_sample
soweto,Thursday,09:00,birth_registration,43,low,0,2,historical_sample
soweto,Thursday,10:00,passport_renewal,51,medium,0,2,historical_sample
soweto,Thursday,10:00,passport_new,43,low,0,2,historical_sample
soweto,Thursday,10:00,id_application,39,low,0,2,historical_sample
soweto,Thursday,10:00,id_replacement,44,low,0,2,historical_sample
soweto,Thursday,10:00,birth_registration,34,low,0,2,historical_sample
soweto,Thursday,11:00,passport_new,41,low,0,2,historical_sample
soweto,Thursday,11:00,id_application,38,low,0,2,historical_sample
soweto,Thursday,11:00,id_replacement,42,low,0,2,historical_sample
soweto,Thursday,11:00,birth_registration,33,low,0,2,historical_sample
soweto,Thursday,12:00,passport_renewal,38,low,0,2,historical_sample
soweto,Thursday,12:00,id_replacement,34,low,0,2,historical_sample
soweto,Thursday,13:00,passport_renewal,35,low,0,2,historical_sample
soweto,Thursday,13:00,passport_new,29,low,0,2,historical_sample
soweto,Thursday,13:00,id_application,33,low,0,2,historical_sample
soweto,Thursday,13:00,id_replacement,29,low,0,2,historical_sample
soweto,Thursday,13:00,birth_registration,26,low,0,2,historical_sample
soweto,Thursday,14:00,passport_renewal,23,low,0,2,historical_sample
soweto,Thursday,14:00,passport_new,31,low,0,2,historical_sample
soweto,Thursday,14:00,id_replacement,31,low,0,2,historical_sample
soweto,Thursday,14:00,birth_registration,25,low,0,2,historical_sample
soweto,Thursday,15:00,passport_renewal,41,low,0,2,historical_sample
soweto,Thursday,15:00,birth_registration,28,low,0,2,historical_sample
randburg,Thursday,08:00,passport_renewal,57,medium,0,2,historical_sample
randburg,Thursday,08:00,passport_new,59,medium,0,2,historical_sample
randburg,Thursday,08:00,birth_registration,55,medium,0,2,historical_sample
randburg,Thursday,09:00,passport_renewal,46,medium,0,2,historical_sample
randburg,Thursday,09:00,birth_registration,45,medium,0,2,historical_sample
randburg,Thursday,10:00,id_application,37,low,0,2,historical_sample
randburg,Thursday,10:00,id_replacement,48,medium,0,2,historical_sample
randburg,Thursday,11:00,birth_registration,35,low,0,2,historical_sample
randburg,Thursday,12:00,passport_renewal,27,low,0,2,historical_sample
randburg,Thursday,12:00,passport_new,32,low,0,2,historical_sample
randburg,Thursday,12:00,birth_registration,28,low,0,2,historical_sample
randburg,Thursday,13:00,passport_renewal,25,low,0,2,historical_sample
randburg,Thursday,13:00,passport_new,25,low,0,2,historical_sample
randburg,Thursday,13:00,id_application,25,low,0,2,historical_sample
randburg,Thursday,13:00,id_replacement,26,low,0,2,historical_sample
randburg,Thursday,13:00,birth_registration,26,low,0,2,historical_sample
randburg,Thursday,14:00,id_application,27,low,0,2,historical_sample
randburg,Thursday,14:00,birth_registration,21,low,0,2,historical_sample
randburg,Thursday,15:00,passport_renewal,35,low,0,2,historical_sample
randburg,Thursday,15:00,passport_new,34,low,0,2,historical_sample
randburg,Thursday,15:00,id_application,27,low,0,2,historical_sample
randburg,Thursday,15:00,birth_registration,30,low,0,2,historical_sample
pta_cbd,Thursday,08:00,passport_new,108,high,0,2,historical_sample
pta_cbd,Thursday,08:00,birth_registration,72,medium,0,2,historical_sample
pta_cbd,Thursday,09:00,passport_renewal,88,high,0,2,historical_sample
pta_cbd,Thursday,09:00,passport_new,76,medium,0,2,historical_sample
pta_cbd,Thursday,09:00,id_application,69,medium,0,2,historical_sample
pta_cbd,Thursday,10:00,passport_new,68,medium,0,2,historical_sample
pta_cbd,Thursday,10:00,id_application,63,medium,0,2,historical_sample
pta_cbd,Thursday,10:00,birth_registration,65,medium,0,2,historical_sample
pta_cbd,Thursday,11:00,birth_registration,57,medium,0,2,historical_sample
pta_cbd,Thursday,12:00,passport_renewal,58,medium,0,2,historical_sample
pta_cbd,Thursday,12:00,passport_new,68,medium,0,2,historical_sample
pta_cbd,Thursday,12:00,id_application,49,medium,0,2,historical_sample
pta_cbd,Thursday,12:00,id_replacement,56,medium,0,2,historical_sample
pta_cbd,Thursday,12:00,birth_registration,48,medium,0,2,historical_sample
pta_cbd,Thursday,13:00,passport_renewal,44,low,0,2,historical_sample
pta_cbd,Thursday,13:00,id_replacement,56,medium,0,2,historical_sample
pta_cbd,Thursday,14:00,passport_renewal,40,low,0,2,historical_sample
pta_cbd,Thursday,14:00,passport_new,51,medium,0,2,historical_sample
pta_cbd,Thursday,14:00,id_application,33,low,0,2,historical_sample
pta_cbd,Thursday,14:00,id_replacement,39,low,0,2,historical_sample
pta_cbd,Thursday,14:00,birth_registration,41,low,0,2,historical_sample
pta_cbd,Thursday,15:00,passport_new,54,medium,0,2,historical_sample
pta_cbd,Thursday,15:00,id_application,55,medium,0,2,historical_sample
pta_cbd,Thursday,15:00,id_replacement,62,medium,0,2,historical_sample
pta_cbd,Thursday,15:00,birth_registration,43,low,0,2,historical_sample
sandton,Thursday,08:00,passport_renewal,54,medium,0,2,historical_sample
sandton,Thursday,08:00,passport_new,61,medium,0,2,historical_sample
sandton,Thursday,08:00,id_replacement,58,medium,0,2,historical_sample
sandton,Thursday,08:00,birth_registration,45,medium,0,2,historical_sample
sandton,Thursday,09:00,passport_new,55,medium,0,2,historical_sample
sandton,Thursday,09:00,id_application,40,low,0,2,historical_sample
sandton,Thursday,09:00,id_replacement,41,low,0,2,historical_sample
sandton,Thursday,10:00,passport_new,35,low,0,2,historical_sample
sandton,Thursday,10:00,id_application,32,low,0,2,historical_sample
sandton,Thursday,10:00,birth_registration,38,low,0,2,historical_sample
sandton,Thursday,11:00,passport_renewal,32,low,0,2,historical_sample
sandton,Thursday,11:00,id_application,36,low,0,2,historical_sample
sandton,Thursday,11:00,id_replacement,39,low,0,2,historical_sample
sandton,Thursday,11:00,birth_registration,35,low,0,2,historical_sample
sandton,Thursday,12:00,passport_renewal,32,low,0,2,historical_sample
sandton,Thursday,12:00,passport_new,27,low,0,2,historical_sample
sandton,Thursday,13:00,passport_renewal,27,low,0,2,historical_sample
sandton,Thursday,13:00,passport_new,28,low,0,2,historical_sample
sandton,Thursday,13:00,id_replacement,27,low,0,2,historical_sample
sandton,Thursday,13:00,birth_registration,24,low,0,2,historical_sample
sandton,Thursday,14:00,passport_new,22,low,0,2,historical_sample
sandton,Thursday,14:00,id_replacement,20,low,0,2,historical_sample
sandton,Thursday,14:00,birth_registration,22,low,0,2,historical_sample
sandton,Thursday,15:00,passport_renewal,30,low,0,2,historical_sample
sandton,Thursday,15:00,passport_new,39,low,0,2,historical_sample
sandton,Thursday,15:00,id_replacement,37,low,0,2,historical_sample
sandton,Thursday,15:00,birth_registration,25,low,0,2,historical_sample
jhb_cbd,Friday,08:00,passport_renewal,128,high,0,2,historical_sample
jhb_cbd,Friday,08:00,id_application,99,high,0,2,historical_sample
jhb_cbd,Friday,08:00,id_replacement,107,high,0,2,historical_sample
jhb_cbd,Friday,08:00,birth_registration,89,high,0,2,historical_sample
jhb_cbd,Friday,09:00,passport_renewal,106,high,0,2,historical_sample
jhb_cbd,Friday,09:00,passport_new,110,high,0,2,historical_sample
jhb_cbd,Friday,10:00,id_replacement,101,high,0,2,historical_sample
jhb_cbd,Friday,10:00,birth_registration,90,high,0,2,historical_sample
jhb_cbd,Friday,11:00,passport_renewal,75,medium,0,2,historical_sample
jhb_cbd,Friday,11:00,passport_new,75,medium,0,2,historical_sample
jhb_cbd,Friday,11:00,id_application,82,high,0,2,historical_sample
jhb_cbd,Friday,11:00,id_replacement,86,high,0,2,historical_sample
jhb_cbd,Friday,12:00,passport_new,68,medium,0,2,historical_sample
jhb_cbd,Friday,12:00,id_replacement,60,medium,0,2,historical_sample
jhb_cbd,Friday,13:00,passport_renewal,64,medium,0,2,historical_sample
jhb_cbd,Friday,13:00,passport_new,73,medium,0,2,historical_sample
jhb_cbd,Friday,13:00,id_replacement,65,medium,0,2,historical_sample
jhb_cbd,Friday,13:00,birth_registration,46,medium,0,2,historical_sample
jhb_cbd,Friday,14:00,passport_renewal,43,low,0,2,historical_sample
jhb_cbd,Friday,14:00,passport_new,47,medium,0,2,historical_sample
jhb_cbd,Friday,15:00,passport_renewal,70,medium,0,2,historical_sample
jhb_cbd,Friday,15:00,passport_new,67,medium,0,2,historical_sample
soweto,Friday,08:00,passport_renewal,92,high,0,2,historical_sample
soweto,Friday,08:00,id_application,78,medium,0,2,historical_sample
soweto,Friday,08:00,birth_registration,77,medium,0,2,historical_sample
soweto,Friday,10:00,passport_renewal,56,medium,0,2,historical_sample
soweto,Friday,10:00,passport_new,65,medium,0,2,historical_sample
soweto,Friday,10:00,id_application,50,medium,0,2,historical_sample
soweto,Friday,10:00,id_replacement,57,medium,0,2,historical_sample
soweto,Friday,10:00,birth_registration,51,medium,0,2,historical_sample
soweto,Friday,11:00,passport_renewal,50,medium,0,2,historical_sample
soweto,Friday,11:00,passport_new,54,medium,0,2,historical_sample
soweto,Friday,11:00,birth_registration,51,medium,0,2,historical_sample
soweto,Friday,12:00,id_application,52,medium,0,2,historical_sample
soweto,Friday,12:00,id_replacement,51,medium,0,2,historical_sample
soweto,Friday,12:00,birth_registration,47,medium,0,2,historical_sample
soweto,Friday,13:00,passport_renewal,42,low,0,2,historical_sample
soweto,Friday,13:00,passport_new,45,medium,0,2,historical_sample
soweto,Friday,13:00,id_application,39,low,0,2,historical_sample
soweto,Friday,13:00,birth_registration,40,low,0,2,historical_sample
soweto,Friday,14:00,passport_renewal,40,low,0,2,historical_sample
soweto,Friday,14:00,passport_new,41,low,0,2,historical_sample
soweto,Friday,14:00,id_application,30,low,0,2,historical_sample
soweto,Friday,14:00,id_replacement,34,low,0,2,historical_sample
soweto,Friday,14:00,birth_registration,36,low,0,2,historical_sample
soweto,Friday,15:00,passport_renewal,42,low,0,2,historical_sample
soweto,Friday,15:00,passport_new,60,medium,0,2,historical_sample
soweto,Friday,15:00,id_application,52,medium,0,2,historical_sample
soweto,Friday,15:00,id_replacement,55,medium,0,2,historical_sample
randburg,Friday,08:00,passport_renewal,87,high,0,2,historical_sample
randburg,Friday,08:00,id_application,71,medium,0,2,historical_sample
randburg,Friday,09:00,passport_renewal,73,medium,0,2,historical_sample
randburg,Friday,09:00,passport_new,75,medium,0,2,historical_sample
randburg,Friday,09:00,id_application,61,medium,0,2,historical_sample
randburg,Friday,09:00,id_replacement,61,medium,0,2,historical_sample
randburg,Friday,09:00,birth_registration,64,medium,0,2,historical_sample
randburg,Friday,10:00,passport_renewal,60,medium,0,2,historical_sample
randburg,Friday,10:00,passport_new,52,medium,0,2,historical_sample
randburg,Friday,10:00,id_replacement,54,medium,0,2,historical_sample
randburg,Friday,10:00,birth_registration,46,medium,0,2,historical_sample
randburg,Friday,11:00,passport_renewal,49,medium,0,2,historical_sample
randburg,Friday,11:00,birth_registration,45,medium,0,2,historical_sample
randburg,Friday,12:00,passport_new,43,low,0,2,historical_sample
randburg,Friday,12:00,id_replacement,49,medium,0,2,historical_sample
randburg,Friday,12:00,birth_registration,32,low,0,2,historical_sample
randburg,Friday,13:00,passport_renewal,33,low,0,2,historical_sample
randburg,Friday,13:00,id_application,36,low,0,2,historical_sample
randburg,Friday,13:00,birth_registration,28,low,0,2,historical_sample
randburg,Friday,14:00,passport_renewal,33,low,0,2,historical_sample
randburg,Friday,14:00,passport_new,34,low,0,2,historical_sample
randburg,Friday,14:00,id_application,33,low,0,2,historical_sample
randburg,Friday,15:00,passport_renewal,48,medium,0,2,historical_sample
randburg,Friday,15:00,passport_new,55,medium,0,2,historical_sample
randburg,Friday,15:00,id_application,43,low,0,2,historical_sample
pta_cbd,Friday,08:00,passport_renewal,106,high,0,2,historical_sample
pta_cbd,Friday,08:00,passport_new,147,high,0,2,historical_sample
pta_cbd,Friday,08:00,birth_registration,118,high,0,2,historical_sample
pta_cbd,Friday,09:00,passport_new,133,high,0,2,historical_sample
pta_cbd,Friday,09:00,id_application,95,high,0,2,historical_sample
pta_cbd,Friday,09:00,id_replacement,113,high,0,2,historical_sample
pta_cbd,Friday,09:00,birth_registration,86,high,0,2,historical_sample
pta_cbd,Friday,10:00,passport_new,108,high,0,2,historical_sample
pta_cbd,Friday,10:00,id_replacement,103,high,0,2,historical_sample
pta_cbd,Friday,11:00,passport_new,99,high,0,2,historical_sample
pta_cbd,Friday,11:00,id_application,74,medium,0,2,historical_sample
pta_cbd,Friday,11:00,id_replacement,79,medium,0,2,historical_sample
pta_cbd,Friday,11:00,birth_registration,86,high,0,2,historical_sample
pta_cbd,Friday,12:00,passport_renewal,75,medium,0,2,historical_sample
pta_cbd,Friday,12:00,passport_new,73,medium,0,2,historical_sample
pta_cbd,Friday,12:00,id_application,58,medium,0,2,historical_sample
pta_cbd,Friday,12:00,id_replacement,81,high,0,2,historical_sample
pta_cbd,Friday,13:00,passport_renewal,68,medium,0,2,historical_sample
pta_cbd,Friday,13:00,passport_new,61,medium,0,2,historical_sample
pta_cbd,Friday,13:00,id_replacement,65,medium,0,2,historical_sample
pta_cbd,Friday,13:00,birth_registration,61,medium,0,2,historical_sample
pta_cbd,Friday,14:00,passport_renewal,51,medium,0,2,historical_sample
pta_cbd,Friday,14:00,id_replacement,59,medium,0,2,historical_sample
pta_cbd,Friday,14:00,birth_registration,47,medium,0,2,historical_sample
pta_cbd,Friday,15:00,passport_new,83,high,0,2,historical_sample
pta_cbd,Friday,15:00,id_application,65,medium,0,2,historical_sample
pta_cbd,Friday,15:00,id_replacement,78,medium,0,2,historical_sample
sandton,Friday,08:00,id_application,65,medium,0,2,historical_sample
sandton,Friday,08:00,id_replacement,64,medium,0,2,historical_sample
sandton,Friday,08:00,birth_registration,66,medium,0,2,historical_sample
sandton,Friday,09:00,id_application,63,medium,0,2,historical_sample
sandton,Friday,09:00,id_replacement,68,medium,0,2,historical_sample
sandton,Friday,09:00,birth_registration,56,medium,0,2,historical_sample
sandton,Friday,10:00,passport_renewal,53,medium,0,2,historical_sample
sandton,Friday,10:00,passport_new,63,medium,0,2,historical_sample
sandton,Friday,10:00,id_replacement,51,medium,0,2,historical_sample
sandton,Friday,11:00,passport_renewal,46,medium,0,2,historical_sample
sandton,Friday,11:00,id_application,39,low,0,2,historical_sample
sandton,Friday,11:00,id_replacement,51,medium,0,2,historical_sample
sandton,Friday,11:00,birth_registration,43,low,0,2,historical_sample
sandton,Friday,12:00,passport_renewal,42,low,0,2,historical_sample
sandton,Friday,12:00,passport_new,47,medium,0,2,historical_sample
sandton,Friday,13:00,passport_new,39,low,0,2,historical_sample
sandton,Friday,13:00,id_replacement,33,low,0,2,historical_sample
sandton,Friday,14:00,passport_renewal,32,low,0,2,historical_sample
sandton,Friday,14:00,id_application,27,low,0,2,historical_sample
sandton,Friday,15:00,passport_renewal,41,low,0,2,historical_sample
sandton,Friday,15:00,passport_new,47,medium,0,2,historical_sample
sandton,Friday,15:00,id_application,34,low,0,2,historical_sample
sandton,Friday,15:00,id_replacement,44,low,0,2,historical_sample
sandton,Friday,15:00,birth_registration,36,low,0,2,historical_sample
jhb_cbd,Monday,08:00,id_application,100,high,0,3,historical_sample
jhb_cbd,Monday,08:00,birth_registration,109,high,0,3,historical_sample
jhb_cbd,Monday,09:00,passport_renewal,104,high,0,3,historical_sample
jhb_cbd,Monday,09:00,id_application,109,high,0,3,historical_sample
jhb_cbd,Monday,09:00,id_replacement,115,high,0,3,historical_sample
jhb_cbd,Monday,10:00,passport_renewal,79,medium,0,3,historical_sample
jhb_cbd,Monday,10:00,id_application,80,high,0,3,historical_sample
jhb_cbd,Monday,10:00,id_replacement,98,high,0,3,historical_sample
jhb_cbd,Monday,10:00,birth_registration,73,medium,0,3,historical_sample
jhb_cbd,Monday,11:00,passport_renewal,84,high,0,3,historical_sample
jhb_cbd,Monday,11:00,passport_new,101,high,0,3,historical_sample
jhb_cbd,Monday,11:00,id_application,66,medium,0,3,historical_sample
jhb_cbd,Monday,11:00,birth_registration,62,medium,0,3,historical_sample
jhb_cbd,Monday,12:00,passport_new,68,medium,0,3,historical_sample
jhb_cbd,Monday,12:00,id_application,67,medium,0,3,historical_sample
jhb_cbd,Monday,12:00,birth_registration,58,medium,0,3,historical_sample
jhb_cbd,Monday,13:00,passport_new,70,medium,0,3,historical_sample
jhb_cbd,Monday,13:00,id_replacement,61,medium,0,3,historical_sample
jhb_cbd,Monday,14:00,passport_renewal,51,medium,0,3,historical_sample
jhb_cbd,Monday,14:00,id_application,54,medium,0,3,historical_sample
jhb_cbd,Monday,14:00,birth_registration,43,low,0,3,historical_sample
jhb_cbd,Monday,15:00,passport_new,85,high,0,3,historical_sample
jhb_cbd,Monday,15:00,id_application,59,medium,0,3,historical_sample
jhb_cbd,Monday,15:00,id_replacement,64,medium,0,3,historical_sample
jhb_cbd,Monday,15:00,birth_registration,63,medium,0,3,historical_sample
soweto,Monday,08:00,passport_new,100,high,0,3,historical_sample
soweto,Monday,08:00,id_replacement,85,high,0,3,historical_sample
soweto,Monday,08:00,birth_registration,68,medium,0,3,historical_sample
soweto,Monday,09:00,passport_renewal,78,medium,0,3,historical_sample
soweto,Monday,09:00,passport_new,70,medium,0,3,historical_sample
soweto,Monday,09:00,id_application,69,medium,0,3,historical_sample
soweto,Monday,09:00,id_replacement,79,medium,0,3,historical_sample
soweto,Monday,09:00,birth_registration,60,medium,0,3,historical_sample
soweto,Monday,10:00,passport_renewal,64,medium,0,3,historical_sample
soweto,Monday,10:00,id_application,62,medium,0,3,historical_sample
soweto,Monday,10:00,birth_registration,50,medium,0,3,historical_sample
soweto,Monday,11:00,passport_renewal,49,medium,0,3,historical_sample
soweto,Monday,11:00,passport_new,54,medium,0,3,historical_sample
soweto,Monday,12:00,id_application,43,low,0,3,historical_sample
soweto,Monday,12:00,id_replacement,49,medium,0,3,historical_sample
soweto,Monday,13:00,passport_renewal,39,low,0,3,historical_sample
soweto,Monday,13:00,passport_new,45,medium,0,3,historical_sample
soweto,Monday,13:00,id_replacement,51,medium,0,3,historical_sample
soweto,Monday,13:00,birth_registration,41,low,0,3,historical_sample
soweto,Monday,14:00,id_application,38,low,0,3,historical_sample
soweto,Monday,15:00,passport_new,51,medium,0,3,historical_sample
soweto,Monday,15:00,id_application,41,low,0,3,historical_sample
randburg,Monday,08:00,passport_new,84,high,0,3,historical_sample
randburg,Monday,08:00,id_application,67,medium,0,3,historical_sample
randburg,Monday,08:00,id_replacement,73,medium,0,3,historical_sample
randburg,Monday,08:00,birth_registration,76,medium,0,3,historical_sample
randburg,Monday,09:00,passport_new,74,medium,0,3,historical_sample
randburg,Monday,09:00,id_application,72,medium,0,3,historical_sample
randburg,Monday,09:00,birth_registration,55,medium,0,3,historical_sample
randburg,Monday,10:00,passport_renewal,64,medium,0,3,historical_sample
randburg,Monday,10:00,id_application,59,medium,0,3,historical_sample
randburg,Monday,10:00,id_replacement,61,medium,0,3,historical_sample
randburg,Monday,10:00,birth_registration,44,low,0,3,historical_sample
randburg,Monday,11:00,passport_renewal,43,low,0,3,historical_sample
randburg,Monday,11:00,passport_new,49,medium,0,3,historical_sample
randburg,Monday,11:00,id_application,48,medium,0,3,historical_sample
randburg,Monday,11:00,id_replacement,55,medium,0,3,historical_sample
randburg,Monday,12:00,passport_renewal,41,low,0,3,historical_sample
randburg,Monday,12:00,id_application,45,medium,0,3,historical_sample
randburg,Monday,12:00,id_replacement,40,low,0,3,historical_sample
randburg,Monday,12:00,birth_registration,34,low,0,3,historical_sample
randburg,Monday,13:00,passport_renewal,32,low,0,3,historical_sample
randburg,Monday,13:00,id_replacement,41,low,0,3,historical_sample
randburg,Monday,13:00,birth_registration,34,low,0,3,historical_sample
randburg,Monday,14:00,passport_renewal,40,low,0,3,historical_sample
randburg,Monday,14:00,passport_new,36,low,0,3,historical_sample
randburg,Monday,14:00,id_application,35,low,0,3,historical_sample
randburg,Monday,14:00,birth_registration,29,low,0,3,historical_sample
randburg,Monday,15:00,passport_new,50,medium,0,3,historical_sample
randburg,Monday,15:00,id_application,45,medium,0,3,historical_sample
randburg,Monday,15:00,id_replacement,43,low,0,3,historical_sample
randburg,Monday,15:00,birth_registration,38,low,0,3,historical_sample
pta_cbd,Monday,08:00,passport_renewal,138,high,0,3,historical_sample
pta_cbd,Monday,08:00,passport_new,119,high,0,3,historical_sample
pta_cbd,Monday,08:00,id_application,109,high,0,3,historical_sample
pta_cbd,Monday,08:00,id_replacement,113,high,0,3,historical_sample
pta_cbd,Monday,09:00,passport_renewal,109,high,0,3,historical_sample
pta_cbd,Monday,09:00,id_application,116,high,0,3,historical_sample
pta_cbd,Monday,09:00,id_replacement,130,high,0,3,historical_sample
pta_cbd,Monday,09:00,birth_registration,89,high,0,3,historical_sample
pta_cbd,Monday,10:00,passport_renewal,104,high,0,3,historical_sample
pta_cbd,Monday,10:00,id_application,96,high,0,3,historical_sample
pta_cbd,Monday,11:00,passport_renewal,90,high,0,3,historical_sample
pta_cbd,Monday,11:00,id_application,75,medium,0,3,historical_sample
pta_cbd,Monday,11:00,id_replacement,104,high,0,3,historical_sample
pta_cbd,Monday,11:00,birth_registration,68,medium,0,3,historical_sample
pta_cbd,Monday,12:00,passport_new,83,high,0,3,historical_sample
pta_cbd,Monday,12:00,id_application,70,medium,0,3,historical_sample
pta_cbd,Monday,12:00,id_replacement,83,high,0,3,historical_sample
pta_cbd,Monday,13:00,passport_renewal,63,medium,0,3,historical_sample
pta_cbd,Monday,13:00,id_application,74,medium,0,3,historical_sample
pta_cbd,Monday,13:00,birth_registration,65,medium,0,3,historical_sample
pta_cbd,Monday,14:00,id_replacement,62,medium,0,3,historical_sample
pta_cbd,Monday,15:00,passport_renewal,67,medium,0,3,historical_sample
pta_cbd,Monday,15:00,passport_new,79,medium,0,3,historical_sample
pta_cbd,Monday,15:00,id_application,77,medium,0,3,historical_sample
pta_cbd,Monday,15:00,id_replacement,69,medium,0,3,historical_sample
pta_cbd,Monday,15:00,birth_registration,76,medium,0,3,historical_sample
sandton,Monday,08:00,passport_renewal,70,medium,0,3,historical_sample
sandton,Monday,08:00,passport_new,74,medium,0,3,historical_sample
sandton,Monday,08:00,id_application,74,medium,0,3,historical_sample
sandton,Monday,08:00,birth_registration,62,medium,0,3,historical_sample
sandton,Monday,09:00,passport_new,75,medium,0,3,historical_sample
sandton,Monday,09:00,id_application,59,medium,0,3,historical_sample
sandton,Monday,09:00,id_replacement,59,medium,0,3,historical_sample
sandton,Monday,09:00,birth_registration,60,medium,0,3,historical_sample
sandton,Monday,10:00,passport_new,59,medium,0,3,historical_sample
sandton,Monday,10:00,id_application,49,medium,0,3,historical_sample
sandton,Monday,10:00,id_replacement,63,medium,0,3,historical_sample
sandton,Monday,10:00,birth_registration,50,medium,0,3,historical_sample
sandton,Monday,11:00,passport_new,59,medium,0,3,historical_sample
sandton,Monday,11:00,id_application,40,low,0,3,historical_sample
sandton,Monday,11:00,id_replacement,52,medium,0,3,historical_sample
sandton,Monday,11:00,birth_registration,40,low,0,3,historical_sample
sandton,Monday,12:00,passport_renewal,44,low,0,3,historical_sample
sandton,Monday,12:00,passport_new,49,medium,0,3,historical_sample
sandton,Monday,12:00,id_application,34,low,0,3,historical_sample
sandton,Monday,12:00,id_replacement,39,low,0,3,historical_sample
sandton,Monday,13:00,passport_renewal,40,low,0,3,historical_sample
sandton,Monday,13:00,passport_new,43,low,0,3,historical_sample
sandton,Monday,13:00,id_application,35,low,0,3,historical_sample
sandton,Monday,14:00,passport_renewal,31,low,0,3,historical_sample
sandton,Monday,14:00,passport_new,36,low,0,3,historical_sample
sandton,Monday,14:00,id_application,31,low,0,3,historical_sample
sandton,Monday,14:00,id_replacement,30,low,0,3,historical_sample
sandton,Monday,14:00,birth_registration,30,low,0,3,historical_sample
sandton,Monday,15:00,passport_renewal,37,low,0,3,historical_sample
sandton,Monday,15:00,id_application,37,low,0,3,historical_sample
sandton,Monday,15:00,id_replacement,41,low,0,3,historical_sample
jhb_cbd,Tuesday,08:00,passport_new,115,high,0,3,historical_sample
jhb_cbd,Tuesday,08:00,id_replacement,90,high,0,3,historical_sample
jhb_cbd,Tuesday,08:00,birth_registration,79,medium,0,3,historical_sample
jhb_cbd,Tuesday,09:00,passport_renewal,95,high,0,3,historical_sample
jhb_cbd,Tuesday,09:00,passport_new,105,high,0,3,historical_sample
jhb_cbd,Tuesday,09:00,id_application,78,medium,0,3,historical_sample
jhb_cbd,Tuesday,09:00,id_replacement,102,high,0,3,historical_sample
jhb_cbd,Tuesday,10:00,passport_renewal,88,high,0,3,historical_sample
jhb_cbd,Tuesday,10:00,passport_new,98,high,0,3,historical_sample
jhb_cbd,Tuesday,10:00,id_application,70,medium,0,3,historical_sample
jhb_cbd,Tuesday,10:00,id_replacement,70,medium,0,3,historical_sample
jhb_cbd,Tuesday,11:00,passport_renewal,74,medium,0,3,historical_sample
jhb_cbd,Tuesday,11:00,passport_new,82,high,0,3,historical_sample
jhb_cbd,Tuesday,11:00,id_application,68,medium,0,3,historical_sample
jhb_cbd,Tuesday,11:00,id_replacement,77,medium,0,3,historical_sample
jhb_cbd,Tuesday,11:00,birth_registration,63,medium,0,3,historical_sample
jhb_cbd,Tuesday,12:00,passport_renewal,65,medium,0,3,historical_sample
jhb_cbd,Tuesday,12:00,id_replacement,54,medium,0,3,historical_sample
jhb_cbd,Tuesday,13:00,passport_renewal,50,medium,0,3,historical_sample
jhb_cbd,Tuesday,13:00,passport_new,58,medium,0,3,historical_sample
jhb_cbd,Tuesday,13:00,id_replacement,51,medium,0,3,historical_sample
jhb_cbd,Tuesday,14:00,passport_renewal,37,low,0,3,historical_sample
jhb_cbd,Tuesday,14:00,birth_registration,39,low,0,3,historical_sample
jhb_cbd,Tuesday,15:00,passport_renewal,57,medium,0,3,historical_sample
jhb_cbd,Tuesday,15:00,passport_new,60,medium,0,3,historical_sample
jhb_cbd,Tuesday,15:00,id_application,51,medium,0,3,historical_sample
soweto,Tuesday,08:00,passport_new,78,medium,0,3,historical_sample
soweto,Tuesday,08:00,id_application,61,medium,0,3,historical_sample
soweto,Tuesday,09:00,passport_new,63,medium,0,3,historical_sample
soweto,Tuesday,09:00,id_application,60,medium,0,3,historical_sample
soweto,Tuesday,09:00,id_replacement,72,medium,0,3,historical_sample
soweto,Tuesday,09:00,birth_registration,48,medium,0,3,historical_sample
soweto,Tuesday,10:00,passport_renewal,51,medium,0,3,historical_sample
soweto,Tuesday,10:00,passport_new,59,medium,0,3,historical_sample
soweto,Tuesday,10:00,id_application,56,medium,0,3,historical_sample
soweto,Tuesday,10:00,id_replacement,52,medium,0,3,historical_sample
soweto,Tuesday,10:00,birth_registration,53,medium,0,3,historical_sample
soweto,Tuesday,11:00,passport_renewal,47,medium,0,3,historical_sample
soweto,Tuesday,11:00,id_application,49,medium,0,3,historical_sample
soweto,Tuesday,11:00,id_replacement,54,medium,0,3,historical_sample
soweto,Tuesday,11:00,birth_registration,36,low,0,3,historical_sample
soweto,Tuesday,12:00,passport_renewal,38,low,0,3,historical_sample
soweto,Tuesday,12:00,passport_new,52,medium,0,3,historical_sample
soweto,Tuesday,12:00,id_replacement,44,low,0,3,historical_sample
soweto,Tuesday,13:00,passport_new,43,low,0,3,historical_sample
soweto,Tuesday,13:00,id_application,34,low,0,3,historical_sample
soweto,Tuesday,13:00,birth_registration,35,low,0,3,historical_sample
soweto,Tuesday,14:00,passport_renewal,34,low,0,3,historical_sample
soweto,Tuesday,14:00,passport_new,39,low,0,3,historical_sample
soweto,Tuesday,14:00,id_application,26,low,0,3,historical_sample
soweto,Tuesday,14:00,id_replacement,31,low,0,3,historical_sample
soweto,Tuesday,15:00,passport_new,47,medium,0,3,historical_sample
soweto,Tuesday,15:00,id_application,36,low,0,3,historical_sample
soweto,Tuesday,15:00,birth_registration,39,low,0,3,historical_sample
randburg,Tuesday,08:00,passport_renewal,58,medium,0,3,historical_sample
randburg,Tuesday,08:00,passport_new,75,medium,0,3,historical_sample
randburg,Tuesday,08:00,id_application,67,medium,0,3,historical_sample
randburg,Tuesday,08:00,id_replacement,73,medium,0,3,historical_sample
randburg,Tuesday,08:00,birth_registration,53,medium,0,3,historical_sample
randburg,Tuesday,09:00,passport_renewal,50,medium,0,3,historical_sample
randburg,Tuesday,09:00,passport_new,59,medium,0,3,historical_sample
randburg,Tuesday,09:00,id_replacement,59,medium,0,3,historical_sample
randburg,Tuesday,09:00,birth_registration,54,medium,0,3,historical_sample
randburg,Tuesday,10:00,passport_renewal,47,medium,0,3,historical_sample
randburg,Tuesday,10:00,id_application,48,medium,0,3,historical_sample
randburg,Tuesday,10:00,id_replacement,56,medium,0,3,historical_sample
randburg,Tuesday,11:00,passport_renewal,47,medium,0,3,historical_sample
randburg,Tuesday,11:00,passport_new,49,medium,0,3,historical_sample
randburg,Tuesday,11:00,id_application,45,medium,0,3,historical_sample
randburg,Tuesday,11:00,id_replacement,44,low,0,3,historical_sample
randburg,Tuesday,12:00,passport_new,40,low,0,3,historical_sample
randburg,Tuesday,12:00,id_application,32,low,0,3,historical_sample
randburg,Tuesday,12:00,id_replacement,43,low,0,3,historical_sample
randburg,Tuesday,13:00,passport_renewal,32,low,0,3,historical_sample
randburg,Tuesday,13:00,passport_new,31,low,0,3,historical_sample
randburg,Tuesday,13:00,id_replacement,30,low,0,3,historical_sample
randburg,Tuesday,14:00,passport_renewal,32,low,0,3,historical_sample
randburg,Tuesday,14:00,passport_new,36,low,0,3,historical_sample
randburg,Tuesday,14:00,id_application,27,low,0,3,historical_sample
randburg,Tuesday,14:00,id_replacement,28,low,0,3,historical_sample
randburg,Tuesday,15:00,passport_new,43,low,0,3,historical_sample
randburg,Tuesday,15:00,birth_registration,31,low,0,3,historical_sample
pta_cbd,Tuesday,08:00,passport_renewal,117,high,0,3,historical_sample
pta_cbd,Tuesday,08:00,id_application,103,high,0,3,historical_sample
pta_cbd,Tuesday,08:00,birth_registration,96,high,0,3,historical_sample
pta_cbd,Tuesday,09:00,passport_renewal,89,high,0,3,historical_sample
pta_cbd,Tuesday,09:00,passport_new,88,high,0,3,historical_sample
pta_cbd,Tuesday,09:00,birth_registration,83,high,0,3,historical_sample
pta_cbd,Tuesday,10:00,passport_renewal,74,medium,0,3,historical_sample
pta_cbd,Tuesday,10:00,passport_new,102,high,0,3,historical_sample
pta_cbd,Tuesday,10:00,id_application,76,medium,0,3,historical_sample
pta_cbd,Tuesday,10:00,birth_registration,68,medium,0,3,historical_sample
pta_cbd,Tuesday,11:00,passport_renewal,81,high,0,3,historical_sample
pta_cbd,Tuesday,11:00,passport_new,72,medium,0,3,historical_sample
pta_cbd,Tuesday,11:00,id_application,64,medium,0,3,historical_sample
pta_cbd,Tuesday,11:00,id_replacement,67,medium,0,3,historical_sample
pta_cbd,Tuesday,12:00,passport_new,59,medium,0,3,historical_sample
pta_cbd,Tuesday,12:00,id_application,58,medium,0,3,historical_sample
pta_cbd,Tuesday,12:00,id_replacement,74,medium,0,3,historical_sample
pta_cbd,Tuesday,12:00,birth_registration,57,medium,0,3,historical_sample
pta_cbd,Tuesday,13:00,passport_renewal,57,medium,0,3,historical_sample
pta_cbd,Tuesday,13:00,passport_new,60,medium,0,3,historical_sample
pta_cbd,Tuesday,13:00,id_replacement,64,medium,0,3,historical_sample
pta_cbd,Tuesday,14:00,passport_renewal,47,medium,0,3,historical_sample
pta_cbd,Tuesday,14:00,passport_new,52,medium,0,3,historical_sample
pta_cbd,Tuesday,14:00,id_application,49,medium,0,3,historical_sample
pta_cbd,Tuesday,14:00,id_replacement,51,medium,0,3,historical_sample
pta_cbd,Tuesday,15:00,passport_renewal,61,medium,0,3,historical_sample
pta_cbd,Tuesday,15:00,id_application,62,medium,0,3,historical_sample
pta_cbd,Tuesday,15:00,id_replacement,70,medium,0,3,historical_sample
pta_cbd,Tuesday,15:00,birth_registration,54,medium,0,3,historical_sample
sandton,Tuesday,08:00,passport_new,55,medium,0,3,historical_sample
sandton,Tuesday,08:00,id_application,47,medium,0,3,historical_sample
sandton,Tuesday,08:00,birth_registration,49,medium,0,3,historical_sample
sandton,Tuesday,09:00,passport_renewal,51,medium,0,3,historical_sample
sandton,Tuesday,09:00,id_application,47,medium,0,3,historical_sample
sandton,Tuesday,09:00,id_replacement,55,medium,0,3,historical_sample
sandton,Tuesday,09:00,birth_registration,51,medium,0,3,historical_sample
sandton,Tuesday,10:00,passport_new,43,low,0,3,historical_sample
sandton,Tuesday,10:00,id_application,40,low,0,3,historical_sample
sandton,Tuesday,10:00,id_replacement,50,medium,0,3,historical_sample
sandton,Tuesday,10:00,birth_registration,38,low,0,3,historical_sample
sandton,Tuesday,11:00,passport_renewal,40,low,0,3,historical_sample
sandton,Tuesday,11:00,passport_new,48,medium,0,3,historical_sample
sandton,Tuesday,11:00,id_application,37,low,0,3,historical_sample
sandton,Tuesday,11:00,id_replacement,41,low,0,3,historical_sample
sandton,Tuesday,12:00,id_application,29,low,0,3,historical_sample
sandton,Tuesday,12:00,birth_registration,32,low,0,3,historical_sample
sandton,Tuesday,13:00,id_application,29,low,0,3,historical_sample
sandton,Tuesday,13:00,id_replacement,30,low,0,3,historical_sample
sandton,Tuesday,14:00,passport_new,24,low,0,3,historical_sample
sandton,Tuesday,14:00,id_replacement,24,low,0,3,historical_sample
sandton,Tuesday,14:00,birth_registration,20,low,0,3,historical_sample
sandton,Tuesday,15:00,passport_renewal,31,low,0,3,historical_sample
sandton,Tuesday,15:00,id_replacement,39,low,0,3,historical_sample
sandton,Tuesday,15:00,birth_registration,28,low,0,3,historical_sample
jhb_cbd,Wednesday,08:00,passport_renewal,94,high,0,3,historical_sample
jhb_cbd,Wednesday,08:00,id_replacement,108,high,0,3,historical_sample
jhb_cbd,Wednesday,08:00,birth_registration,73,medium,0,3,historical_sample
jhb_cbd,Wednesday,09:00,passport_renewal,83,high,0,3,historical_sample
jhb_cbd,Wednesday,09:00,passport_new,97,high,0,3,historical_sample
jhb_cbd,Wednesday,09:00,id_replacement,78,medium,0,3,historical_sample
jhb_cbd,Wednesday,09:00,birth_registration,69,medium,0,3,historical_sample
jhb_cbd,Wednesday,10:00,passport_renewal,73,medium,0,3,historical_sample
jhb_cbd,Wednesday,10:00,id_application,59,medium,0,3,historical_sample
jhb_cbd,Wednesday,10:00,birth_registration,64,medium,0,3,historical_sample
jhb_cbd,Wednesday,11:00,passport_renewal,55,medium,0,3,historical_sample
jhb_cbd,Wednesday,11:00,id_application,60,medium,0,3,historical_sample
jhb_cbd,Wednesday,11:00,birth_registration,55,medium,0,3,historical_sample
jhb_cbd,Wednesday,12:00,passport_new,51,medium,0,3,historical_sample
jhb_cbd,Wednesday,12:00,id_application,54,medium,0,3,historical_sample
jhb_cbd,Wednesday,12:00,id_replacement,59,medium,0,3,historical_sample
jhb_cbd,Wednesday,12:00,birth_registration,47,medium,0,3,historical_sample
jhb_cbd,Wednesday,13:00,passport_renewal,40,low,0,3,historical_sample
jhb_cbd,Wednesday,13:00,passport_new,48,medium,0,3,historical_sample
jhb_cbd,Wednesday,13:00,id_application,49,medium,0,3,historical_sample
jhb_cbd,Wednesday,13:00,id_replacement,51,medium,0,3,historical_sample
jhb_cbd,Wednesday,13:00,birth_registration,46,medium,0,3,historical_sample
jhb_cbd,Wednesday,14:00,passport_renewal,33,low,0,3,historical_sample
jhb_cbd,Wednesday,14:00,id_application,33,low,0,3,historical_sample
jhb_cbd,Wednesday,14:00,id_replacement,37,low,0,3,historical_sample
jhb_cbd,Wednesday,14:00,birth_registration,33,low,0,3,historical_sample
jhb_cbd,Wednesday,15:00,passport_new,62,medium,0,3,historical_sample
jhb_cbd,Wednesday,15:00,id_application,43,low,0,3,historical_sample
jhb_cbd,Wednesday,15:00,birth_registration,49,medium,0,3,historical_sample
soweto,Wednesday,08:00,passport_new,65,medium,0,3,historical_sample
soweto,Wednesday,08:00,id_application,58,medium,0,3,historical_sample
soweto,Wednesday,08:00,id_replacement,68,medium,0,3,historical_sample
soweto,Wednesday,08:00,birth_registration,55,medium,0,3,historical_sample
soweto,Wednesday,09:00,passport_renewal,61,medium,0,3,historical_sample
soweto,Wednesday,09:00,passport_new,68,medium,0,3,historical_sample
soweto,Wednesday,09:00,id_application,52,medium,0,3,historical_sample
soweto,Wednesday,09:00,id_replacement,55,medium,0,3,historical_sample
soweto,Wednesday,10:00,passport_new,55,medium,0,3,historical_sample
soweto,Wednesday,10:00,id_application,47,medium,0,3,historical_sample
soweto,Wednesday,10:00,id_replacement,49,medium,0,3,historical_sample
soweto,Wednesday,10:00,birth_registration,38,low,0,3,historical_sample
soweto,Wednesday,11:00,passport_new,44,low,0,3,historical_sample
soweto,Wednesday,11:00,id_application,43,low,0,3,historical_sample
soweto,Wednesday,11:00,id_replacement,40,low,0,3,historical_sample
soweto,Wednesday,11:00,birth_registration,32,low,0,3,historical_sample
soweto,Wednesday,12:00,id_application,35,low,0,3,historical_sample
soweto,Wednesday,13:00,id_application,36,low,0,3,historical_sample
soweto,Wednesday,13:00,id_replacement,35,low,0,3,historical_sample
soweto,Wednesday,13:00,birth_registration,30,low,0,3,historical_sample
soweto,Wednesday,14:00,passport_renewal,31,low,0,3,historical_sample
soweto,Wednesday,14:00,passport_new,30,low,0,3,historical_sample
soweto,Wednesday,14:00,id_replacement,32,low,0,3,historical_sample
soweto,Wednesday,15:00,passport_new,41,low,0,3,historical_sample
randburg,Wednesday,08:00,id_replacement,70,medium,0,3,historical_sample
randburg,Wednesday,08:00,birth_registration,53,medium,0,3,historical_sample
randburg,Wednesday,09:00,passport_renewal,52,medium,0,3,historical_sample
randburg,Wednesday,09:00,passport_new,50,medium,0,3,historical_sample
randburg,Wednesday,09:00,birth_registration,52,medium,0,3,historical_sample
randburg,Wednesday,10:00,passport_new,43,low,0,3,historical_sample
randburg,Wednesday,10:00,id_application,36,low,0,3,historical_sample
randburg,Wednesday,10:00,id_replacement,45,medium,0,3,historical_sample
randburg,Wednesday,11:00,passport_renewal,33,low,0,3,historical_sample
randburg,Wednesday,11:00,id_replacement,43,low,0,3,historical_sample
randburg,Wednesday,11:00,birth_registration,38,low,0,3,historical_sample
randburg,Wednesday,12:00,passport_renewal,33,low,0,3,historical_sample
randburg,Wednesday,12:00,passport_new,41,low,0,3,historical_sample
randburg,Wednesday,12:00,id_application,34,low,0,3,historical_sample
randburg,Wednesday,12:00,id_replacement,39,low,0,3,historical_sample
randburg,Wednesday,12:00,birth_registration,29,low,0,3,historical_sample
randburg,Wednesday,13:00,passport_renewal,24,low,0,3,historical_sample
randburg,Wednesday,13:00,id_replacement,34,low,0,3,historical_sample
randburg,Wednesday,13:00,birth_registration,23,low,0,3,historical_sample
randburg,Wednesday,14:00,passport_new,29,low,0,3,historical_sample
randburg,Wednesday,14:00,id_replacement,25,low,0,3,historical_sample
randburg,Wednesday,15:00,passport_renewal,39,low,0,3,historical_sample
randburg,Wednesday,15:00,id_application,34,low,0,3,historical_sample
randburg,Wednesday,15:00,id_replacement,42,low,0,3,historical_sample
pta_cbd,Wednesday,08:00,passport_renewal,100,high,0,3,historical_sample
pta_cbd,Wednesday,08:00,passport_new,104,high,0,3,historical_sample
pta_cbd,Wednesday,08:00,id_replacement,110,high,0,3,historical_sample
pta_cbd,Wednesday,09:00,id_application,72,medium,0,3,historical_sample
pta_cbd,Wednesday,09:00,birth_registration,81,high,0,3,historical_sample
pta_cbd,Wednesday,10:00,passport_renewal,78,medium,0,3,historical_sample
pta_cbd,Wednesday,10:00,passport_new,84,high,0,3,historical_sample
pta_cbd,Wednesday,10:00,id_replacement,82,high,0,3,historical_sample
pta_cbd,Wednesday,10:00,birth_registration,78,medium,0,3,historical_sample
pta_cbd,Wednesday,11:00,passport_renewal,73,medium,0,3,historical_sample
pta_cbd,Wednesday,11:00,passport_new,83,high,0,3,historical_sample
pta_cbd,Wednesday,11:00,id_application,59,medium,0,3,historical_sample
pta_cbd,Wednesday,11:00,birth_registration,51,medium,0,3,historical_sample
pta_cbd,Wednesday,12:00,passport_renewal,56,medium,0,3,historical_sample
pta_cbd,Wednesday,12:00,passport_new,62,medium,0,3,historical_sample
pta_cbd,Wednesday,12:00,id_application,57,medium,0,3,historical_sample
pta_cbd,Wednesday,12:00,birth_registration,54,medium,0,3,historical_sample
pta_cbd,Wednesday,13:00,passport_renewal,55,medium,0,3,historical_sample
pta_cbd,Wednesday,13:00,id_replacement,51,medium,0,3,historical_sample
pta_cbd,Wednesday,13:00,birth_registration,43,low,0,3,historical_sample
pta_cbd,Wednesday,14:00,passport_renewal,39,low,0,3,historical_sample
pta_cbd,Wednesday,14:00,passport_new,48,medium,0,3,historical_sample
pta_cbd,Wednesday,14:00,id_application,40,low,0,3,historical_sample
pta_cbd,Wednesday,14:00,birth_registration,37,low,0,3,historical_sample
pta_cbd,Wednesday,15:00,passport_renewal,53,medium,0,3,historical_sample
pta_cbd,Wednesday,15:00,id_replacement,54,medium,0,3,historical_sample
sandton,Wednesday,08:00,id_application,47,medium,0,3,historical_sample
sandton,Wednesday,08:00,birth_registration,42,low,0,3,historical_sample
sandton,Wednesday,09:00,passport_renewal,42,low,0,3,historical_sample
sandton,Wednesday,09:00,passport_new,60,medium,0,3,historical_sample
sandton,Wednesday,09:00,id_application,45,medium,0,3,historical_sample
sandton,Wednesday,09:00,id_replacement,54,medium,0,3,historical_sample
sandton,Wednesday,10:00,passport_renewal,40,low,0,3,historical_sample
sandton,Wednesday,10:00,passport_new,46,medium,0,3,historical_sample
sandton,Wednesday,10:00,id_replacement,41,low,0,3,historical_sample
sandton,Wednesday,10:00,birth_registration,35,low,0,3,historical_sample
sandton,Wednesday,11:00,passport_new,40,low,0,3,historical_sample
sandton,Wednesday,11:00,id_application,31,low,0,3,historical_sample
sandton,Wednesday,12:00,passport_renewal,34,low,0,3,historical_sample
sandton,Wednesday,12:00,id_application,30,low,0,3,historical_sample
sandton,Wednesday,12:00,birth_registration,26,low,0,3,historical_sample
sandton,Wednesday,13:00,passport_renewal,26,low,0,3,historical_sample
sandton,Wednesday,13:00,passport_new,32,low,0,3,historical_sample
sandton,Wednesday,13:00,id_application,23,low,0,3,historical_sample
sandton,Wednesday,13:00,id_replacement,24,low,0,3,historical_sample
sandton,Wednesday,14:00,passport_renewal,22,low,0,3,historical_sample
sandton,Wednesday,14:00,passport_new,26,low,0,3,historical_sample
sandton,Wednesday,14:00,id_application,19,low,0,3,historical_sample
sandton,Wednesday,15:00,id_replacement,32,low,0,3,historical_sample
sandton,Wednesday,15:00,birth_registration,33,low,0,3,historical_sample
jhb_cbd,Thursday,08:00,passport_renewal,87,high,0,3,historical_sample
jhb_cbd,Thursday,08:00,passport_new,91,high,0,3,historical_sample
jhb_cbd,Thursday,08:00,birth_registration,80,high,0,3,historical_sample
jhb_cbd,Thursday,09:00,passport_renewal,81,high,0,3,historical_sample
jhb_cbd,Thursday,10:00,passport_renewal,68,medium,0,3,historical_sample
jhb_cbd,Thursday,10:00,id_application,69,medium,0,3,historical_sample
jhb_cbd,Thursday,11:00,passport_new,71,medium,0,3,historical_sample
jhb_cbd,Thursday,12:00,passport_renewal,44,low,0,3,historical_sample
jhb_cbd,Thursday,12:00,passport_new,46,medium,0,3,historical_sample
jhb_cbd,Thursday,12:00,id_application,52,medium,0,3,historical_sample
jhb_cbd,Thursday,12:00,birth_registration,50,medium,0,3,historical_sample
jhb_cbd,Thursday,13:00,passport_renewal,41,low,0,3,historical_sample
jhb_cbd,Thursday,13:00,passport_new,56,medium,0,3,historical_sample
jhb_cbd,Thursday,13:00,id_application,38,low,0,3,historical_sample
jhb_cbd,Thursday,13:00,id_replacement,49,medium,0,3,historical_sample
jhb_cbd,Thursday,13:00,birth_registration,41,low,0,3,historical_sample
jhb_cbd,Thursday,14:00,passport_renewal,37,low,0,3,historical_sample
jhb_cbd,Thursday,14:00,id_replacement,41,low,0,3,historical_sample
jhb_cbd,Thursday,14:00,birth_registration,31,low,0,3,historical_sample
jhb_cbd,Thursday,15:00,id_replacement,57,medium,0,3,historical_sample
soweto,Thursday,08:00,passport_renewal,53,medium,0,3,historical_sample
soweto,Thursday,08:00,passport_new,78,medium,0,3,historical_sample
soweto,Thursday,08:00,id_application,51,medium,0,3,historical_sample
soweto,Thursday,08:00,id_replacement,62,medium,0,3,historical_sample
soweto,Thursday,09:00,passport_new,57,medium,0,3,historical_sample
soweto,Thursday,09:00,id_application,49,medium,0,3,historical_sample
soweto,Thursday,09:00,birth_registration,46,medium,0,3,historical_sample
soweto,Thursday,10:00,passport_renewal,41,low,0,3,historical_sample
soweto,Thursday,10:00,passport_new,45,medium,0,3,historical_sample
soweto,Thursday,10:00,id_application,48,medium,0,3,historical_sample
soweto,Thursday,10:00,id_replacement,49,medium,0,3,historical_sample
soweto,Thursday,11:00,passport_renewal,44,low,0,3,historical_sample
soweto,Thursday,11:00,passport_new,49,medium,0,3,historical_sample
soweto,Thursday,11:00,birth_registration,37,low,0,3,historical_sample
soweto,Thursday,12:00,passport_new,35,low,0,3,historical_sample
soweto,Thursday,12:00,birth_registration,29,low,0,3,historical_sample
soweto,Thursday,13:00,id_application,31,low,0,3,historical_sample
soweto,Thursday,14:00,passport_renewal,25,low,0,3,historical_sample
soweto,Thursday,14:00,id_application,29,low,0,3,historical_sample
soweto,Thursday,14:00,id_replacement,30,low,0,3,historical_sample
soweto,Thursday,15:00,passport_renewal,40,low,0,3,historical_sample
soweto,Thursday,15:00,id_application,29,low,0,3,historical_sample
soweto,Thursday,15:00,id_replacement,34,low,0,3,historical_sample
soweto,Thursday,15:00,birth_registration,35,low,0,3,historical_sample
randburg,Thursday,08:00,passport_renewal,51,medium,0,3,historical_sample
randburg,Thursday,08:00,passport_new,59,medium,0,3,historical_sample
randburg,Thursday,08:00,id_application,54,medium,0,3,historical_sample
randburg,Thursday,08:00,id_replacement,52,medium,0,3,historical_sample
randburg,Thursday,08:00,birth_registration,56,medium,0,3,historical_sample
randburg,Thursday,09:00,passport_renewal,56,medium,0,3,historical_sample
randburg,Thursday,09:00,passport_new,57,medium,0,3,historical_sample
randburg,Thursday,09:00,birth_registration,38,low,0,3,historical_sample
randburg,Thursday,10:00,passport_renewal,40,low,0,3,historical_sample
randburg,Thursday,10:00,id_application,34,low,0,3,historical_sample
randburg,Thursday,10:00,id_replacement,47,medium,0,3,historical_sample
randburg,Thursday,11:00,passport_new,37,low,0,3,historical_sample
randburg,Thursday,12:00,passport_renewal,26,low,0,3,historical_sample
randburg,Thursday,12:00,id_application,29,low,0,3,historical_sample
randburg,Thursday,12:00,id_replacement,31,low,0,3,historical_sample
randburg,Thursday,13:00,id_application,28,low,0,3,historical_sample
randburg,Thursday,13:00,id_replacement,29,low,0,3,historical_sample
randburg,Thursday,14:00,passport_renewal,26,low,0,3,historical_sample
randburg,Thursday,14:00,passport_new,24,low,0,3,historical_sample
randburg,Thursday,14:00,id_replacement,28,low,0,3,historical_sample
randburg,Thursday,14:00,birth_registration,24,low,0,3,historical_sample
randburg,Thursday,15:00,passport_renewal,31,low,0,3,historical_sample
randburg,Thursday,15:00,passport_new,36,low,0,3,historical_sample
randburg,Thursday,15:00,id_replacement,35,low,0,3,historical_sample
randburg,Thursday,15:00,birth_registration,28,low,0,3,historical_sample
pta_cbd,Thursday,08:00,passport_renewal,81,high,0,3,historical_sample
pta_cbd,Thursday,08:00,id_replacement,88,high,0,3,historical_sample
pta_cbd,Thursday,08:00,birth_registration,91,high,0,3,historical_sample
pta_cbd,Thursday,09:00,passport_renewal,70,medium,0,3,historical_sample
pta_cbd,Thursday,09:00,birth_registration,61,medium,0,3,historical_sample
pta_cbd,Thursday,10:00,passport_renewal,69,medium,0,3,historical_sample
pta_cbd,Thursday,10:00,id_replacement,81,high,0,3,historical_sample
pta_cbd,Thursday,11:00,passport_renewal,65,medium,0,3,historical_sample
pta_cbd,Thursday,11:00,passport_new,66,medium,0,3,historical_sample
pta_cbd,Thursday,11:00,id_application,59,medium,0,3,historical_sample
pta_cbd,Thursday,11:00,id_replacement,68,medium,0,3,historical_sample
pta_cbd,Thursday,12:00,passport_renewal,47,medium,0,3,historical_sample
pta_cbd,Thursday,12:00,passport_new,51,medium,0,3,historical_sample
pta_cbd,Thursday,12:00,id_application,45,medium,0,3,historical_sample
pta_cbd,Thursday,12:00,id_replacement,51,medium,0,3,historical_sample
pta_cbd,Thursday,12:00,birth_registration,42,low,0,3,historical_sample
pta_cbd,Thursday,13:00,passport_renewal,54,medium,0,3,historical_sample
pta_cbd,Thursday,13:00,passport_new,54,medium,0,3,historical_sample
pta_cbd,Thursday,13:00,id_application,43,low,0,3,historical_sample
pta_cbd,Thursday,13:00,id_replacement,53,medium,0,3,historical_sample
pta_cbd,Thursday,14:00,passport_renewal,36,low,0,3,historical_sample
pta_cbd,Thursday,14:00,passport_new,49,medium,0,3,historical_sample
pta_cbd,Thursday,14:00,id_replacement,36,low,0,3,historical_sample
pta_cbd,Thursday,14:00,birth_registration,41,low,0,3,historical_sample
pta_cbd,Thursday,15:00,passport_renewal,51,medium,0,3,historical_sample
pta_cbd,Thursday,15:00,passport_new,65,medium,0,3,historical_sample
sandton,Thursday,08:00,passport_new,61,medium,0,3,historical_sample
sandton,Thursday,08:00,id_replacement,52,medium,0,3,historical_sample
sandton,Thursday,09:00,passport_renewal,41,low,0,3,historical_sample
sandton,Thursday,09:00,passport_new,44,low,0,3,historical_sample
sandton,Thursday,09:00,id_application,41,low,0,3,historical_sample
sandton,Thursday,09:00,birth_registration,38,low,0,3,historical_sample
sandton,Thursday,10:00,passport_renewal,39,low,0,3,historical_sample
sandton,Thursday,10:00,passport_new,37,low,0,3,historical_sample
sandton,Thursday,10:00,id_replacement,37,low,0,3,historical_sample
sandton,Thursday,11:00,passport_renewal,33,low,0,3,historical_sample
sandton,Thursday,11:00,passport_new,35,low,0,3,historical_sample
sandton,Thursday,11:00,id_application,30,low,0,3,historical_sample
sandton,Thursday,11:00,id_replacement,38,low,0,3,historical_sample
sandton,Thursday,11:00,birth_registration,32,low,0,3,historical_sample
sandton,Thursday,12:00,passport_renewal,29,low,0,3,historical_sample
sandton,Thursday,12:00,id_application,30,low,0,3,historical_sample
sandton,Thursday,12:00,birth_registration,25,low,0,3,historical_sample
sandton,Thursday,13:00,passport_renewal,26,low,0,3,historical_sample
sandton,Thursday,13:00,passport_new,28,low,0,3,historical_sample
sandton,Thursday,13:00,id_application,27,low,0,3,historical_sample
sandton,Thursday,14:00,passport_new,21,low,0,3,historical_sample
sandton,Thursday,14:00,id_application,22,low,0,3,historical_sample
sandton,Thursday,14:00,birth_registration,20,low,0,3,historical_sample
sandton,Thursday,15:00,passport_renewal,28,low,0,3,historical_sample
sandton,Thursday,15:00,id_application,26,low,0,3,historical_sample
sandton,Thursday,15:00,id_replacement,33,low,0,3,historical_sample
jhb_cbd,Friday,08:00,passport_renewal,100,high,0,3,historical_sample
jhb_cbd,Friday,08:00,passport_new,141,high,0,3,historical_sample
jhb_cbd,Friday,08:00,id_application,115,high,0,3,historical_sample
jhb_cbd,Friday,08:00,id_replacement,107,high,0,3,historical_sample
jhb_cbd,Friday,08:00,birth_registration,108,high,0,3,historical_sample
jhb_cbd,Friday,09:00,passport_renewal,114,high,0,3,historical_sample
jhb_cbd,Friday,09:00,passport_new,105,high,0,3,historical_sample
jhb_cbd,Friday,09:00,id_application,99,high,0,3,historical_sample
jhb_cbd,Friday,10:00,passport_renewal,85,high,0,3,historical_sample
jhb_cbd,Friday,10:00,passport_new,96,high,0,3,historical_sample
jhb_cbd,Friday,10:00,id_application,94,high,0,3,historical_sample
jhb_cbd,Friday,10:00,birth_registration,83,high,0,3,historical_sample
jhb_cbd,Friday,11:00,passport_new,82,high,0,3,historical_sample
jhb_cbd,Friday,11:00,birth_registration,62,medium,0,3,historical_sample
jhb_cbd,Friday,12:00,passport_renewal,60,medium,0,3,historical_sample
jhb_cbd,Friday,12:00,id_application,60,medium,0,3,historical_sample
jhb_cbd,Friday,12:00,id_replacement,71,medium,0,3,historical_sample
jhb_cbd,Friday,12:00,birth_registration,54,medium,0,3,historical_sample
jhb_cbd,Friday,13:00,passport_new,58,medium,0,3,historical_sample
jhb_cbd,Friday,13:00,id_replacement,54,medium,0,3,historical_sample
jhb_cbd,Friday,13:00,birth_registration,47,medium,0,3,historical_sample
jhb_cbd,Friday,14:00,passport_renewal,51,medium,0,3,historical_sample
jhb_cbd,Friday,14:00,id_replacement,50,medium,0,3,historical_sample
jhb_cbd,Friday,14:00,birth_registration,39,low,0,3,historical_sample
jhb_cbd,Friday,15:00,passport_renewal,70,medium,0,3,historical_sample
jhb_cbd,Friday,15:00,id_replacement,65,medium,0,3,historical_sample
jhb_cbd,Friday,15:00,birth_registration,52,medium,0,3,historical_sample
soweto,Friday,08:00,passport_renewal,82,high,0,3,historical_sample
soweto,Friday,08:00,id_replacement,75,medium,0,3,historical_sample
soweto,Friday,09:00,passport_renewal,74,medium,0,3,historical_sample
soweto,Friday,09:00,passport_new,77,medium,0,3,historical_sample
soweto,Friday,09:00,birth_registration,58,medium,0,3,historical_sample
soweto,Friday,10:00,passport_renewal,64,medium,0,3,historical_sample
soweto,Friday,10:00,passport_new,58,medium,0,3,historical_sample
soweto,Friday,10:00,id_replacement,71,medium,0,3,historical_sample
soweto,Friday,10:00,birth_registration,59,medium,0,3,historical_sample
soweto,Friday,11:00,passport_new,52,medium,0,3,historical_sample
soweto,Friday,11:00,id_application,43,low,0,3,historical_sample
soweto,Friday,11:00,birth_registration,44,low,0,3,historical_sample
soweto,Friday,12:00,passport_renewal,44,low,0,3,historical_sample
soweto,Friday,12:00,passport_new,56,medium,0,3,historical_sample
soweto,Friday,12:00,id_replacement,43,low,0,3,historical_sample
soweto,Friday,12:00,birth_registration,45,medium,0,3,historical_sample
soweto,Friday,13:00,id_replacement,45,medium,0,3,historical_sample
soweto,Friday,14:00,passport_renewal,30,low,0,3,historical_sample
soweto,Friday,14:00,passport_new,36,low,0,3,historical_sample
soweto,Friday,14:00,id_application,35,low,0,3,historical_sample
soweto,Friday,14:00,id_replacement,32,low,0,3,historical_sample
soweto,Friday,14:00,birth_registration,33,low,0,3,historical_sample
soweto,Friday,15:00,passport_new,60,medium,0,3,historical_sample
soweto,Friday,15:00,birth_registration,43,low,0,3,historical_sample
randburg,Friday,08:00,passport_new,84,high,0,3,historical_sample
randburg,Friday,08:00,id_application,63,medium,0,3,historical_sample
randburg,Friday,08:00,birth_registration,66,medium,0,3,historical_sample
randburg,Friday,09:00,passport_renewal,59,medium,0,3,historical_sample
randburg,Friday,09:00,id_application,65,medium,0,3,historical_sample
randburg,Friday,09:00,birth_registration,59,medium,0,3,historical_sample
randburg,Friday,10:00,passport_renewal,56,medium,0,3,historical_sample
randburg,Friday,10:00,passport_new,66,medium,0,3,historical_sample
randburg,Friday,10:00,id_application,44,low,0,3,historical_sample
randburg,Friday,10:00,id_replacement,52,medium,0,3,historical_sample
randburg,Friday,11:00,passport_renewal,50,medium,0,3,historical_sample
randburg,Friday,11:00,id_application,51,medium,0,3,historical_sample
randburg,Friday,11:00,id_replacement,52,medium,0,3,historical_sample
randburg,Friday,12:00,id_application,44,low,0,3,historical_sample
randburg,Friday,12:00,birth_registration,34,low,0,3,historical_sample
randburg,Friday,13:00,passport_new,43,low,0,3,historical_sample
randburg,Friday,13:00,id_application,32,low,0,3,historical_sample
randburg,Friday,13:00,id_replacement,38,low,0,3,historical_sample
randburg,Friday,14:00,passport_renewal,38,low,0,3,historical_sample
randburg,Friday,14:00,id_application,35,low,0,3,historical_sample
randburg,Friday,14:00,birth_registration,34,low,0,3,historical_sample
randburg,Friday,15:00,id_application,46,medium,0,3,historical_sample
randburg,Friday,15:00,id_replacement,53,medium,0,3,historical_sample
randburg,Friday,15:00,birth_registration,39,low,0,3,historical_sample
pta_cbd,Friday,08:00,passport_renewal,135,high,0,3,historical_sample
pta_cbd,Friday,08:00,passport_new,149,high,0,3,historical_sample
pta_cbd,Friday,08:00,id_replacement,111,high,0,3,historical_sample
pta_cbd,Friday,09:00,passport_renewal,111,high,0,3,historical_sample
pta_cbd,Friday,09:00,id_application,94,high,0,3,historical_sample
pta_cbd,Friday,09:00,birth_registration,93,high,0,3,historical_sample
pta_cbd,Friday,10:00,passport_renewal,95,high,0,3,historical_sample
pta_cbd,Friday,10:00,passport_new,108,high,0,3,historical_sample
pta_cbd,Friday,10:00,id_application,87,high,0,3,historical_sample
pta_cbd,Friday,10:00,id_replacement,100,high,0,3,historical_sample
pta_cbd,Friday,11:00,id_application,68,medium,0,3,historical_sample
pta_cbd,Friday,11:00,birth_registration,81,high,0,3,historical_sample
pta_cbd,Friday,12:00,passport_renewal,77,medium,0,3,historical_sample
pta_cbd,Friday,12:00,id_application,78,medium,0,3,historical_sample
pta_cbd,Friday,12:00,id_replacement,75,medium,0,3,historical_sample
pta_cbd,Friday,13:00,passport_renewal,60,medium,0,3,historical_sample
pta_cbd,Friday,13:00,passport_new,62,medium,0,3,historical_sample
pta_cbd,Friday,13:00,id_application,60,medium,0,3,historical_sample
pta_cbd,Friday,13:00,birth_registration,63,medium,0,3,historical_sample
pta_cbd,Friday,14:00,passport_renewal,54,medium,0,3,historical_sample
pta_cbd,Friday,14:00,passport_new,64,medium,0,3,historical_sample
pta_cbd,Friday,14:00,id_application,50,medium,0,3,historical_sample
pta_cbd,Friday,14:00,id_replacement,48,medium,0,3,historical_sample
pta_cbd,Friday,14:00,birth_registration,48,medium,0,3,historical_sample
pta_cbd,Friday,15:00,passport_renewal,77,medium,0,3,historical_sample
pta_cbd,Friday,15:00,passport_new,79,medium,0,3,historical_sample
pta_cbd,Friday,15:00,id_application,59,medium,0,3,historical_sample
pta_cbd,Friday,15:00,birth_registration,61,medium,0,3,historical_sample
sandton,Friday,08:00,passport_renewal,65,medium,0,3,historical_sample
sandton,Friday,08:00,passport_new,75,medium,0,3,historical_sample
sandton,Friday,08:00,id_replacement,61,medium,0,3,historical_sample
sandton,Friday,08:00,birth_registration,58,medium,0,3,historical_sample
sandton,Friday,09:00,passport_renewal,53,medium,0,3,historical_sample
sandton,Friday,09:00,passport_new,74,medium,0,3,historical_sample
sandton,Friday,09:00,id_application,50,medium,0,3,historical_sample
sandton,Friday,09:00,id_replacement,62,medium,0,3,historical_sample
sandton,Friday,10:00,passport_renewal,53,medium,0,3,historical_sample
sandton,Friday,10:00,id_application,44,low,0,3,historical_sample
sandton,Friday,10:00,id_replacement,59,medium,0,3,historical_sample
sandton,Friday,10:00,birth_registration,48,medium,0,3,historical_sample
sandton,Friday,11:00,id_application,41,low,0,3,historical_sample
sandton,Friday,11:00,id_replacement,46,medium,0,3,historical_sample
sandton,Friday,11:00,birth_registration,41,low,0,3,historical_sample
sandton,Friday,12:00,passport_renewal,37,low,0,3,historical_sample
sandton,Friday,12:00,passport_new,45,medium,0,3,historical_sample
sandton,Friday,12:00,id_application,37,low,0,3,historical_sample
sandton,Friday,12:00,id_replacement,36,low,0,3,historical_sample
sandton,Friday,12:00,birth_registration,31,low,0,3,historical_sample
sandton,Friday,13:00,passport_renewal,32,low,0,3,historical_sample
sandton,Friday,13:00,id_application,31,low,0,3,historical_sample
sandton,Friday,13:00,id_replacement,31,low,0,3,historical_sample
sandton,Friday,14:00,passport_new,30,low,0,3,historical_sample
sandton,Friday,14:00,id_application,31,low,0,3,historical_sample
sandton,Friday,14:00,id_replacement,26,low,0,3,historical_sample
sandton,Friday,14:00,birth_registration,24,low,0,3,historical_sample
sandton,Friday,15:00,passport_renewal,41,low,0,3,historical_sample
sandton,Friday,15:00,passport_new,40,low,0,3,historical_sample
sandton,Friday,15:00,id_application,36,low,0,3,historical_sample
sandton,Friday,15:00,id_replacement,45,medium,0,3,historical_sample
sandton,Friday,15:00,birth_registration,41,low,0,3,historical_sample
jhb_cbd,Monday,08:00,id_application,97,high,0,4,historical_sample
jhb_cbd,Monday,08:00,id_replacement,130,high,0,4,historical_sample
jhb_cbd,Monday,08:00,birth_registration,100,high,0,4,historical_sample
jhb_cbd,Monday,09:00,passport_renewal,91,high,0,4,historical_sample
jhb_cbd,Monday,09:00,passport_new,105,high,0,4,historical_sample
jhb_cbd,Monday,09:00,id_application,104,high,0,4,historical_sample
jhb_cbd,Monday,09:00,id_replacement,114,high,0,4,historical_sample
jhb_cbd,Monday,09:00,birth_registration,86,high,0,4,historical_sample
jhb_cbd,Monday,10:00,passport_renewal,95,high,0,4,historical_sample
jhb_cbd,Monday,10:00,passport_new,90,high,0,4,historical_sample
jhb_cbd,Monday,10:00,id_replacement,94,high,0,4,historical_sample
jhb_cbd,Monday,11:00,passport_renewal,82,high,0,4,historical_sample
jhb_cbd,Monday,11:00,id_replacement,79,medium,0,4,historical_sample
jhb_cbd,Monday,11:00,birth_registration,73,medium,0,4,historical_sample
jhb_cbd,Monday,12:00,passport_renewal,71,medium,0,4,historical_sample
jhb_cbd,Monday,12:00,id_application,67,medium,0,4,historical_sample
jhb_cbd,Monday,12:00,id_replacement,71,medium,0,4,historical_sample
jhb_cbd,Monday,12:00,birth_registration,69,medium,0,4,historical_sample
jhb_cbd,Monday,13:00,passport_renewal,58,medium,0,4,historical_sample
jhb_cbd,Monday,13:00,passport_new,64,medium,0,4,historical_sample
jhb_cbd,Monday,13:00,id_application,68,medium,0,4,historical_sample
jhb_cbd,Monday,13:00,id_replacement,58,medium,0,4,historical_sample
jhb_cbd,Monday,13:00,birth_registration,56,medium,0,4,historical_sample
jhb_cbd,Monday,14:00,passport_renewal,49,medium,0,4,historical_sample
jhb_cbd,Monday,14:00,id_application,50,medium,0,4,historical_sample
jhb_cbd,Monday,14:00,id_replacement,44,low,0,4,historical_sample
jhb_cbd,Monday,15:00,passport_renewal,60,medium,0,4,historical_sample
jhb_cbd,Monday,15:00,passport_new,82,high,0,4,historical_sample
jhb_cbd,Monday,15:00,id_application,63,medium,0,4,historical_sample
jhb_cbd,Monday,15:00,birth_registration,64,medium,0,4,historical_sample
soweto,Monday,08:00,id_replacement,86,high,0,4,historical_sample
soweto,Monday,08:00,birth_registration,74,medium,0,4,historical_sample
soweto,Monday,09:00,passport_new,78,medium,0,4,historical_sample
soweto,Monday,09:00,id_application,73,medium,0,4,historical_sample
soweto,Monday,10:00,id_application,66,medium,0,4,historical_sample
soweto,Monday,10:00,id_replacement,68,medium,0,4,historical_sample
soweto,Monday,10:00,birth_registration,58,medium,0,4,historical_sample
soweto,Monday,11:00,passport_renewal,56,medium,0,4,historical_sample
soweto,Monday,11:00,id_application,52,medium,0,4,historical_sample
soweto,Monday,11:00,id_replacement,65,medium,0,4,historical_sample
soweto,Monday,12:00,passport_renewal,47,medium,0,4,historical_sample
soweto,Monday,12:00,passport_new,50,medium,0,4,historical_sample
soweto,Monday,12:00,id_application,51,medium,0,4,historical_sample
soweto,Monday,12:00,id_replacement,50,medium,0,4,historical_sample
soweto,Monday,12:00,birth_registration,42,low,0,4,historical_sample
soweto,Monday,13:00,passport_new,49,medium,0,4,historical_sample
soweto,Monday,13:00,id_application,42,low,0,4,historical_sample
soweto,Monday,13:00,id_replacement,47,medium,0,4,historical_sample
soweto,Monday,13:00,birth_registration,42,low,0,4,historical_sample
soweto,Monday,14:00,passport_renewal,35,low,0,4,historical_sample
soweto,Monday,14:00,id_application,35,low,0,4,historical_sample
soweto,Monday,14:00,birth_registration,38,low,0,4,historical_sample
soweto,Monday,15:00,id_replacement,56,medium,0,4,historical_sample
soweto,Monday,15:00,birth_registration,44,low,0,4,historical_sample
randburg,Monday,08:00,passport_new,89,high,0,4,historical_sample
randburg,Monday,08:00,id_replacement,91,high,0,4,historical_sample
randburg,Monday,08:00,birth_registration,79,medium,0,4,historical_sample
randburg,Monday,09:00,passport_new,82,high,0,4,historical_sample
randburg,Monday,09:00,id_application,68,medium,0,4,historical_sample
randburg,Monday,09:00,birth_registration,61,medium,0,4,historical_sample
randburg,Monday,10:00,passport_renewal,56,medium,0,4,historical_sample
randburg,Monday,10:00,id_application,56,medium,0,4,historical_sample
randburg,Monday,10:00,id_replacement,51,medium,0,4,historical_sample
randburg,Monday,10:00,birth_registration,43,low,0,4,historical_sample
randburg,Monday,11:00,passport_renewal,52,medium,0,4,historical_sample
randburg,Monday,11:00,id_application,44,low,0,4,historical_sample
randburg,Monday,11:00,id_replacement,49,medium,0,4,historical_sample
randburg,Monday,12:00,id_application,36,low,0,4,historical_sample
randburg,Monday,13:00,passport_new,41,low,0,4,historical_sample
randburg,Monday,13:00,id_replacement,37,low,0,4,historical_sample
randburg,Monday,14:00,passport_renewal,32,low,0,4,historical_sample
randburg,Monday,14:00,id_replacement,34,low,0,4,historical_sample
randburg,Monday,14:00,birth_registration,28,low,0,4,historical_sample
randburg,Monday,15:00,passport_renewal,50,medium,0,4,historical_sample
randburg,Monday,15:00,id_replacement,45,medium,0,4,historical_sample
randburg,Monday,15:00,birth_registration,43,low,0,4,historical_sample
pta_cbd,Monday,08:00,passport_renewal,132,high,0,4,historical_sample
pta_cbd,Monday,08:00,passport_new,129,high,0,4,historical_sample
pta_cbd,Monday,08:00,id_application,126,high,0,4,historical_sample
pta_cbd,Monday,08:00,id_replacement,132,high,0,4,historical_sample
pta_cbd,Monday,08:00,birth_registration,121,high,0,4,historical_sample
pta_cbd,Monday,09:00,passport_renewal,100,high,0,4,historical_sample
pta_cbd,Monday,09:00,passport_new,139,high,0,4,historical_sample
pta_cbd,Monday,09:00,id_application,105,high,0,4,historical_sample
pta_cbd,Monday,09:00,id_replacement,125,high,0,4,historical_sample
pta_cbd,Monday,09:00,birth_registration,93,high,0,4,historical_sample
pta_cbd,Monday,10:00,passport_new,113,high,0,4,historical_sample
pta_cbd,Monday,10:00,id_application,91,high,0,4,historical_sample
pta_cbd,Monday,10:00,id_replacement,110,high,0,4,historical_sample
pta_cbd,Monday,10:00,birth_registration,100,high,0,4,historical_sample
pta_cbd,Monday,11:00,passport_renewal,75,medium,0,4,historical_sample
pta_cbd,Monday,11:00,passport_new,91,high,0,4,historical_sample
pta_cbd,Monday,11:00,id_application,74,medium,0,4,historical_sample
pta_cbd,Monday,11:00,id_replacement,94,high,0,4,historical_sample
pta_cbd,Monday,12:00,passport_new,89,high,0,4,historical_sample
pta_cbd,Monday,12:00,id_replacement,85,high,0,4,historical_sample
pta_cbd,Monday,12:00,birth_registration,65,medium,0,4,historical_sample
pta_cbd,Monday,13:00,passport_renewal,71,medium,0,4,historical_sample
pta_cbd,Monday,13:00,passport_new,86,high,0,4,historical_sample
pta_cbd,Monday,13:00,id_application,62,medium,0,4,historical_sample
pta_cbd,Monday,13:00,id_replacement,74,medium,0,4,historical_sample
pta_cbd,Monday,13:00,birth_registration,60,medium,0,4,historical_sample
pta_cbd,Monday,14:00,passport_renewal,57,medium,0,4,historical_sample
pta_cbd,Monday,14:00,id_application,46,medium,0,4,historical_sample
pta_cbd,Monday,14:00,id_replacement,60,medium,0,4,historical_sample
pta_cbd,Monday,14:00,birth_registration,52,medium,0,4,historical_sample
pta_cbd,Monday,15:00,passport_renewal,76,medium,0,4,historical_sample
pta_cbd,Monday,15:00,passport_new,74,medium,0,4,historical_sample
pta_cbd,Monday,15:00,id_application,62,medium,0,4,historical_sample
pta_cbd,Monday,15:00,birth_registration,72,medium,0,4,historical_sample
sandton,Monday,08:00,passport_renewal,68,medium,0,4,historical_sample
sandton,Monday,08:00,passport_new,66,medium,0,4,historical_sample
sandton,Monday,08:00,id_application,72,medium,0,4,historical_sample
sandton,Monday,08:00,id_replacement,75,medium,0,4,historical_sample
sandton,Monday,09:00,id_application,57,medium,0,4,historical_sample
sandton,Monday,09:00,id_replacement,59,medium,0,4,historical_sample
sandton,Monday,09:00,birth_registration,53,medium,0,4,historical_sample
sandton,Monday,10:00,passport_renewal,59,medium,0,4,historical_sample
sandton,Monday,10:00,id_application,48,medium,0,4,historical_sample
sandton,Monday,10:00,id_replacement,52,medium,0,4,historical_sample
sandton,Monday,11:00,passport_new,50,medium,0,4,historical_sample
sandton,Monday,11:00,birth_registration,43,low,0,4,historical_sample
sandton,Monday,12:00,passport_new,48,medium,0,4,historical_sample
sandton,Monday,12:00,id_application,42,low,0,4,historical_sample
sandton,Monday,12:00,id_replacement,38,low,0,4,historical_sample
sandton,Monday,12:00,birth_registration,34,low,0,4,historical_sample
sandton,Monday,13:00,passport_new,37,low,0,4,historical_sample
sandton,Monday,13:00,id_application,34,low,0,4,historical_sample
sandton,Monday,13:00,id_replacement,33,low,0,4,historical_sample
sandton,Monday,13:00,birth_registration,35,low,0,4,historical_sample
sandton,Monday,14:00,passport_renewal,28,low,0,4,historical_sample
sandton,Monday,14:00,passport_new,36,low,0,4,historical_sample
sandton,Monday,15:00,passport_renewal,43,low,0,4,historical_sample
sandton,Monday,15:00,passport_new,55,medium,0,4,historical_sample
sandton,Monday,15:00,id_replacement,44,low,0,4,historical_sample
sandton,Monday,15:00,birth_registration,42,low,0,4,historical_sample
jhb_cbd,Tuesday,08:00,passport_renewal,97,high,0,4,historical_sample
jhb_cbd,Tuesday,08:00,id_application,96,high,0,4,historical_sample
jhb_cbd,Tuesday,08:00,id_replacement,100,high,0,4,historical_sample
jhb_cbd,Tuesday,09:00,passport_renewal,91,high,0,4,historical_sample
jhb_cbd,Tuesday,09:00,passport_new,90,high,0,4,historical_sample
jhb_cbd,Tuesday,09:00,id_application,82,high,0,4,historical_sample
jhb_cbd,Tuesday,09:00,id_replacement,89,high,0,4,historical_sample
jhb_cbd,Tuesday,09:00,birth_registration,81,high,0,4,historical_sample
jhb_cbd,Tuesday,10:00,passport_renewal,69,medium,0,4,historical_sample
jhb_cbd,Tuesday,10:00,passport_new,91,high,0,4,historical_sample
jhb_cbd,Tuesday,10:00,id_replacement,94,high,0,4,historical_sample
jhb_cbd,Tuesday,10:00,birth_registration,76,medium,0,4,historical_sample
jhb_cbd,Tuesday,11:00,passport_renewal,59,medium,0,4,historical_sample
jhb_cbd,Tuesday,11:00,passport_new,65,medium,0,4,historical_sample
jhb_cbd,Tuesday,11:00,id_application,69,medium,0,4,historical_sample
jhb_cbd,Tuesday,11:00,id_replacement,62,medium,0,4,historical_sample
jhb_cbd,Tuesday,11:00,birth_registration,66,medium,0,4,historical_sample
jhb_cbd,Tuesday,12:00,id_replacement,60,medium,0,4,historical_sample
jhb_cbd,Tuesday,12:00,birth_registration,51,medium,0,4,historical_sample
jhb_cbd,Tuesday,13:00,passport_renewal,51,medium,0,4,historical_sample
jhb_cbd,Tuesday,13:00,passport_new,62,medium,0,4,historical_sample
jhb_cbd,Tuesday,13:00,birth_registration,50,medium,0,4,historical_sample
jhb_cbd,Tuesday,14:00,passport_renewal,42,low,0,4,historical_sample
jhb_cbd,Tuesday,14:00,id_application,35,low,0,4,historical_sample
jhb_cbd,Tuesday,14:00,birth_registration,41,low,0,4,historical_sample
jhb_cbd,Tuesday,15:00,passport_renewal,54,medium,0,4,historical_sample
jhb_cbd,Tuesday,15:00,id_application,60,medium,0,4,historical_sample
soweto,Tuesday,08:00,passport_new,69,medium,0,4,historical_sample
soweto,Tuesday,08:00,birth_registration,59,medium,0,4,historical_sample
soweto,Tuesday,09:00,passport_renewal,68,medium,0,4,historical_sample
soweto,Tuesday,09:00,id_application,59,medium,0,4,historical_sample
soweto,Tuesday,09:00,id_replacement,73,medium,0,4,historical_sample
soweto,Tuesday,10:00,id_application,44,low,0,4,historical_sample
soweto,Tuesday,10:00,id_replacement,63,medium,0,4,historical_sample
soweto,Tuesday,10:00,birth_registration,43,low,0,4,historical_sample
soweto,Tuesday,11:00,passport_renewal,49,medium,0,4,historical_sample
soweto,Tuesday,11:00,id_application,42,low,0,4,historical_sample
soweto,Tuesday,11:00,id_replacement,53,medium,0,4,historical_sample
soweto,Tuesday,12:00,passport_new,43,low,0,4,historical_sample
soweto,Tuesday,12:00,id_application,42,low,0,4,historical_sample
soweto,Tuesday,12:00,id_replacement,42,low,0,4,historical_sample
soweto,Tuesday,12:00,birth_registration,37,low,0,4,historical_sample
soweto,Tuesday,13:00,passport_new,34,low,0,4,historical_sample
soweto,Tuesday,13:00,id_application,34,low,0,4,historical_sample
soweto,Tuesday,13:00,id_replacement,43,low,0,4,historical_sample
soweto,Tuesday,13:00,birth_registration,28,low,0,4,historical_sample
soweto,Tuesday,14:00,passport_renewal,32,low,0,4,historical_sample
soweto,Tuesday,14:00,passport_new,33,low,0,4,historical_sample
soweto,Tuesday,14:00,id_application,33,low,0,4,historical_sample
soweto,Tuesday,15:00,passport_new,44,low,0,4,historical_sample
soweto,Tuesday,15:00,id_application,42,low,0,4,historical_sample
soweto,Tuesday,15:00,id_replacement,45,medium,0,4,historical_sample
randburg,Tuesday,08:00,passport_new,67,medium,0,4,historical_sample
randburg,Tuesday,08:00,id_application,68,medium,0,4,historical_sample
randburg,Tuesday,08:00,id_replacement,61,medium,0,4,historical_sample
randburg,Tuesday,09:00,passport_new,58,medium,0,4,historical_sample
randburg,Tuesday,10:00,passport_new,54,medium,0,4,historical_sample
randburg,Tuesday,10:00,id_application,50,medium,0,4,historical_sample
randburg,Tuesday,10:00,id_replacement,52,medium,0,4,historical_sample
randburg,Tuesday,11:00,passport_renewal,37,low,0,4,historical_sample
randburg,Tuesday,11:00,passport_new,51,medium,0,4,historical_sample
randburg,Tuesday,11:00,id_application,45,medium,0,4,historical_sample
randburg,Tuesday,11:00,id_replacement,46,medium,0,4,historical_sample
randburg,Tuesday,12:00,passport_renewal,41,low,0,4,historical_sample
randburg,Tuesday,12:00,passport_new,45,medium,0,4,historical_sample
randburg,Tuesday,12:00,id_replacement,43,low,0,4,historical_sample
randburg,Tuesday,12:00,birth_registration,31,low,0,4,historical_sample
randburg,Tuesday,13:00,id_application,28,low,0,4,historical_sample
randburg,Tuesday,14:00,passport_renewal,27,low,0,4,historical_sample
randburg,Tuesday,14:00,passport_new,32,low,0,4,historical_sample
randburg,Tuesday,14:00,id_application,28,low,0,4,historical_sample
randburg,Tuesday,14:00,birth_registration,23,low,0,4,historical_sample
randburg,Tuesday,15:00,passport_renewal,36,low,0,4,historical_sample
randburg,Tuesday,15:00,passport_new,49,medium,0,4,historical_sample
randburg,Tuesday,15:00,id_application,33,low,0,4,historical_sample
randburg,Tuesday,15:00,birth_registration,33,low,0,4,historical_sample
pta_cbd,Tuesday,08:00,passport_renewal,117,high,0,4,historical_sample
pta_cbd,Tuesday,08:00,id_application,112,high,0,4,historical_sample
pta_cbd,Tuesday,08:00,id_replacement,102,high,0,4,historical_sample
pta_cbd,Tuesday,08:00,birth_registration,105,high,0,4,historical_sample
pta_cbd,Tuesday,09:00,passport_renewal,94,high,0,4,historical_sample
pta_cbd,Tuesday,09:00,passport_new,103,high,0,4,historical_sample
pta_cbd,Tuesday,09:00,id_application,99,high,0,4,historical_sample
pta_cbd,Tuesday,09:00,id_replacement,107,high,0,4,historical_sample
pta_cbd,Tuesday,09:00,birth_registration,72,medium,0,4,historical_sample
pta_cbd,Tuesday,10:00,passport_renewal,92,high,0,4,historical_sample
pta_cbd,Tuesday,10:00,passport_new,94,high,0,4,historical_sample
pta_cbd,Tuesday,10:00,id_application,76,medium,0,4,historical_sample
pta_cbd,Tuesday,10:00,id_replacement,85,high,0,4,historical_sample
pta_cbd,Tuesday,10:00,birth_registration,86,high,0,4,historical_sample
pta_cbd,Tuesday,11:00,passport_new,92,high,0,4,historical_sample
pta_cbd,Tuesday,11:00,id_replacement,83,high,0,4,historical_sample
pta_cbd,Tuesday,11:00,birth_registration,59,medium,0,4,historical_sample
pta_cbd,Tuesday,12:00,passport_new,62,medium,0,4,historical_sample
pta_cbd,Tuesday,12:00,id_application,66,medium,0,4,historical_sample
pta_cbd,Tuesday,12:00,id_replacement,63,medium,0,4,historical_sample
pta_cbd,Tuesday,13:00,passport_renewal,61,medium,0,4,historical_sample
pta_cbd,Tuesday,13:00,id_replacement,62,medium,0,4,historical_sample
pta_cbd,Tuesday,13:00,birth_registration,45,medium,0,4,historical_sample
pta_cbd,Tuesday,14:00,passport_renewal,44,low,0,4,historical_sample
pta_cbd,Tuesday,14:00,passport_new,57,medium,0,4,historical_sample
pta_cbd,Tuesday,14:00,id_application,51,medium,0,4,historical_sample
pta_cbd,Tuesday,15:00,passport_renewal,54,medium,0,4,historical_sample
pta_cbd,Tuesday,15:00,id_application,62,medium,0,4,historical_sample
pta_cbd,Tuesday,15:00,id_replacement,69,medium,0,4,historical_sample
pta_cbd,Tuesday,15:00,birth_registration,50,medium,0,4,historical_sample
sandton,Tuesday,08:00,passport_renewal,65,medium,0,4,historical_sample
sandton,Tuesday,08:00,id_replacement,60,medium,0,4,historical_sample
sandton,Tuesday,08:00,birth_registration,44,low,0,4,historical_sample
sandton,Tuesday,09:00,passport_renewal,46,medium,0,4,historical_sample
sandton,Tuesday,09:00,birth_registration,46,medium,0,4,historical_sample
sandton,Tuesday,10:00,passport_new,53,medium,0,4,historical_sample
sandton,Tuesday,10:00,id_replacement,50,medium,0,4,historical_sample
sandton,Tuesday,11:00,passport_renewal,39,low,0,4,historical_sample
sandton,Tuesday,11:00,passport_new,50,medium,0,4,historical_sample
sandton,Tuesday,11:00,id_application,35,low,0,4,historical_sample
sandton,Tuesday,11:00,id_replacement,42,low,0,4,historical_sample
sandton,Tuesday,12:00,passport_renewal,36,low,0,4,historical_sample
sandton,Tuesday,12:00,passport_new,37,low,0,4,historical_sample
sandton,Tuesday,13:00,passport_renewal,31,low,0,4,historical_sample
sandton,Tuesday,13:00,passport_new,31,low,0,4,historical_sample
sandton,Tuesday,13:00,id_application,24,low,0,4,historical_sample
sandton,Tuesday,13:00,birth_registration,27,low,0,4,historical_sample
sandton,Tuesday,14:00,passport_renewal,22,low,0,4,historical_sample
sandton,Tuesday,14:00,passport_new,24,low,0,4,historical_sample
sandton,Tuesday,14:00,birth_registration,26,low,0,4,historical_sample
sandton,Tuesday,15:00,passport_renewal,40,low,0,4,historical_sample
sandton,Tuesday,15:00,passport_new,42,low,0,4,historical_sample
sandton,Tuesday,15:00,id_replacement,38,low,0,4,historical_sample
sandton,Tuesday,15:00,birth_registration,37,low,0,4,historical_sample
jhb_cbd,Wednesday,08:00,passport_renewal,77,medium,0,4,historical_sample
jhb_cbd,Wednesday,08:00,id_application,97,high,0,4,historical_sample
jhb_cbd,Wednesday,08:00,id_replacement,102,high,0,4,historical_sample
jhb_cbd,Wednesday,09:00,id_replacement,74,medium,0,4,historical_sample
jhb_cbd,Wednesday,09:00,birth_registration,78,medium,0,4,historical_sample
jhb_cbd,Wednesday,10:00,passport_renewal,65,medium,0,4,historical_sample
jhb_cbd,Wednesday,10:00,passport_new,82,high,0,4,historical_sample
jhb_cbd,Wednesday,10:00,birth_registration,67,medium,0,4,historical_sample
jhb_cbd,Wednesday,11:00,passport_renewal,61,medium,0,4,historical_sample
jhb_cbd,Wednesday,11:00,id_application,50,medium,0,4,historical_sample
jhb_cbd,Wednesday,11:00,id_replacement,60,medium,0,4,historical_sample
jhb_cbd,Wednesday,11:00,birth_registration,52,medium,0,4,historical_sample
jhb_cbd,Wednesday,12:00,passport_renewal,56,medium,0,4,historical_sample
jhb_cbd,Wednesday,12:00,id_application,55,medium,0,4,historical_sample
jhb_cbd,Wednesday,12:00,birth_registration,46,medium,0,4,historical_sample
jhb_cbd,Wednesday,13:00,passport_new,55,medium,0,4,historical_sample
jhb_cbd,Wednesday,13:00,id_application,42,low,0,4,historical_sample
jhb_cbd,Wednesday,13:00,birth_registration,40,low,0,4,historical_sample
jhb_cbd,Wednesday,14:00,passport_renewal,36,low,0,4,historical_sample
jhb_cbd,Wednesday,14:00,id_application,40,low,0,4,historical_sample
jhb_cbd,Wednesday,14:00,id_replacement,36,low,0,4,historical_sample
jhb_cbd,Wednesday,14:00,birth_registration,34,low,0,4,historical_sample
jhb_cbd,Wednesday,15:00,passport_renewal,46,medium,0,4,historical_sample
jhb_cbd,Wednesday,15:00,passport_new,56,medium,0,4,historical_sample
jhb_cbd,Wednesday,15:00,id_application,44,low,0,4,historical_sample
jhb_cbd,Wednesday,15:00,id_replacement,57,medium,0,4,historical_sample
jhb_cbd,Wednesday,15:00,birth_registration,42,low,0,4,historical_sample
soweto,Wednesday,08:00,passport_new,63,medium,0,4,historical_sample
soweto,Wednesday,08:00,id_replacement,68,medium,0,4,historical_sample
soweto,Wednesday,09:00,passport_new,64,medium,0,4,historical_sample
soweto,Wednesday,09:00,id_application,56,medium,0,4,historical_sample
soweto,Wednesday,09:00,id_replacement,53,medium,0,4,historical_sample
soweto,Wednesday,09:00,birth_registration,56,medium,0,4,historical_sample
soweto,Wednesday,10:00,passport_new,52,medium,0,4,historical_sample
soweto,Wednesday,10:00,id_application,46,medium,0,4,historical_sample
soweto,Wednesday,10:00,id_replacement,46,medium,0,4,historical_sample
soweto,Wednesday,10:00,birth_registration,45,medium,0,4,historical_sample
soweto,Wednesday,11:00,id_application,45,medium,0,4,historical_sample
soweto,Wednesday,11:00,id_replacement,40,low,0,4,historical_sample
soweto,Wednesday,11:00,birth_registration,32,low,0,4,historical_sample
soweto,Wednesday,12:00,passport_renewal,32,low,0,4,historical_sample
soweto,Wednesday,12:00,passport_new,45,medium,0,4,historical_sample
soweto,Wednesday,12:00,id_replacement,39,low,0,4,historical_sample
soweto,Wednesday,12:00,birth_registration,37,low,0,4,historical_sample
soweto,Wednesday,13:00,passport_renewal,30,low,0,4,historical_sample
soweto,Wednesday,13:00,passport_new,31,low,0,4,historical_sample
soweto,Wednesday,13:00,id_application,35,low,0,4,historical_sample
soweto,Wednesday,14:00,passport_renewal,25,low,0,4,historical_sample
soweto,Wednesday,14:00,passport_new,29,low,0,4,historical_sample
soweto,Wednesday,14:00,id_application,29,low,0,4,historical_sample
soweto,Wednesday,14:00,id_replacement,25,low,0,4,historical_sample
soweto,Wednesday,14:00,birth_registration,27,low,0,4,historical_sample
soweto,Wednesday,15:00,passport_renewal,36,low,0,4,historical_sample
soweto,Wednesday,15:00,passport_new,40,low,0,4,historical_sample
soweto,Wednesday,15:00,id_application,37,low,0,4,historical_sample
soweto,Wednesday,15:00,id_replacement,34,low,0,4,historical_sample
soweto,Wednesday,15:00,birth_registration,32,low,0,4,historical_sample
randburg,Wednesday,08:00,passport_new,63,medium,0,4,historical_sample
randburg,Wednesday,08:00,id_application,59,medium,0,4,historical_sample
randburg,Wednesday,08:00,id_replacement,70,medium,0,4,historical_sample
randburg,Wednesday,09:00,passport_renewal,55,medium,0,4,historical_sample
randburg,Wednesday,09:00,id_application,52,medium,0,4,historical_sample
randburg,Wednesday,09:00,id_replacement,48,medium,0,4,historical_sample
randburg,Wednesday,09:00,birth_registration,48,medium,0,4,historical_sample
randburg,Wednesday,10:00,passport_renewal,38,low,0,4,historical_sample
randburg,Wednesday,10:00,passport_new,40,low,0,4,historical_sample
randburg,Wednesday,10:00,id_application,37,low,0,4,historical_sample
randburg,Wednesday,10:00,id_replacement,41,low,0,4,historical_sample
randburg,Wednesday,11:00,passport_renewal,43,low,0,4,historical_sample
randburg,Wednesday,11:00,passport_new,47,medium,0,4,historical_sample
randburg,Wednesday,11:00,id_replacement,36,low,0,4,historical_sample
randburg,Wednesday,11:00,birth_registration,31,low,0,4,historical_sample
randburg,Wednesday,12:00,passport_renewal,31,low,0,4,historical_sample
randburg,Wednesday,12:00,id_replacement,35,low,0,4,historical_sample
randburg,Wednesday,13:00,passport_renewal,30,low,0,4,historical_sample
randburg,Wednesday,13:00,passport_new,29,low,0,4,historical_sample
randburg,Wednesday,13:00,id_application,29,low,0,4,historical_sample
randburg,Wednesday,13:00,id_replacement,32,low,0,4,historical_sample
randburg,Wednesday,13:00,birth_registration,22,low,0,4,historical_sample
randburg,Wednesday,14:00,passport_renewal,26,low,0,4,historical_sample
randburg,Wednesday,14:00,id_application,23,low,0,4,historical_sample
randburg,Wednesday,14:00,id_replacement,24,low,0,4,historical_sample
randburg,Wednesday,15:00,passport_renewal,36,low,0,4,historical_sample
randburg,Wednesday,15:00,passport_new,39,low,0,4,historical_sample
randburg,Wednesday,15:00,id_application,32,low,0,4,historical_sample
randburg,Wednesday,15:00,id_replacement,38,low,0,4,historical_sample
pta_cbd,Wednesday,08:00,passport_new,109,high,0,4,historical_sample
pta_cbd,Wednesday,08:00,birth_registration,78,medium,0,4,historical_sample
pta_cbd,Wednesday,09:00,passport_renewal,89,high,0,4,historical_sample
pta_cbd,Wednesday,09:00,passport_new,89,high,0,4,historical_sample
pta_cbd,Wednesday,09:00,id_application,76,medium,0,4,historical_sample
pta_cbd,Wednesday,09:00,id_replacement,95,high,0,4,historical_sample
pta_cbd,Wednesday,09:00,birth_registration,75,medium,0,4,historical_sample
pta_cbd,Wednesday,10:00,id_application,65,medium,0,4,historical_sample
pta_cbd,Wednesday,10:00,birth_registration,78,medium,0,4,historical_sample
pta_cbd,Wednesday,11:00,passport_renewal,57,medium,0,4,historical_sample
pta_cbd,Wednesday,11:00,passport_new,72,medium,0,4,historical_sample
pta_cbd,Wednesday,11:00,id_replacement,74,medium,0,4,historical_sample
pta_cbd,Wednesday,12:00,passport_renewal,62,medium,0,4,historical_sample
pta_cbd,Wednesday,12:00,passport_new,65,medium,0,4,historical_sample
pta_cbd,Wednesday,13:00,birth_registration,40,low,0,4,historical_sample
pta_cbd,Wednesday,14:00,id_application,41,low,0,4,historical_sample
pta_cbd,Wednesday,15:00,passport_renewal,55,medium,0,4,historical_sample
pta_cbd,Wednesday,15:00,passport_new,56,medium,0,4,historical_sample
pta_cbd,Wednesday,15:00,id_application,51,medium,0,4,historical_sample
pta_cbd,Wednesday,15:00,birth_registration,58,medium,0,4,historical_sample
sandton,Wednesday,08:00,passport_new,57,medium,0,4,historical_sample
sandton,Wednesday,08:00,id_replacement,62,medium,0,4,historical_sample
sandton,Wednesday,08:00,birth_registration,42,low,0,4,historical_sample
sandton,Wednesday,09:00,passport_renewal,53,medium,0,4,historical_sample
sandton,Wednesday,09:00,passport_new,55,medium,0,4,historical_sample
sandton,Wednesday,09:00,id_application,50,medium,0,4,historical_sample
sandton,Wednesday,09:00,birth_registration,40,low,0,4,historical_sample
sandton,Wednesday,10:00,passport_renewal,43,low,0,4,historical_sample
sandton,Wednesday,10:00,passport_new,38,low,0,4,historical_sample
sandton,Wednesday,10:00,id_replacement,42,low,0,4,historical_sample
sandton,Wednesday,11:00,passport_renewal,33,low,0,4,historical_sample
sandton,Wednesday,11:00,id_application,33,low,0,4,historical_sample
sandton,Wednesday,11:00,id_replacement,33,low,0,4,historical_sample
sandton,Wednesday,11:00,birth_registration,29,low,0,4,historical_sample
sandton,Wednesday,12:00,passport_new,37,low,0,4,historical_sample
sandton,Wednesday,12:00,id_application,27,low,0,4,historical_sample
sandton,Wednesday,12:00,birth_registration,26,low,0,4,historical_sample
sandton,Wednesday,13:00,passport_renewal,24,low,0,4,historical_sample
sandton,Wednesday,13:00,passport_new,33,low,0,4,historical_sample
sandton,Wednesday,13:00,id_application,22,low,0,4,historical_sample
sandton,Wednesday,13:00,id_replacement,27,low,0,4,historical_sample
sandton,Wednesday,13:00,birth_registration,26,low,0,4,historical_sample
sandton,Wednesday,14:00,passport_new,29,low,0,4,historical_sample
sandton,Wednesday,14:00,id_application,25,low,0,4,historical_sample
sandton,Wednesday,14:00,birth_registration,18,low,0,4,historical_sample
sandton,Wednesday,15:00,passport_new,40,low,0,4,historical_sample
sandton,Wednesday,15:00,id_application,27,low,0,4,historical_sample
sandton,Wednesday,15:00,id_replacement,37,low,0,4,historical_sample
jhb_cbd,Thursday,08:00,passport_renewal,96,high,0,4,historical_sample
jhb_cbd,Thursday,08:00,passport_new,95,high,0,4,historical_sample
jhb_cbd,Thursday,08:00,id_application,87,high,0,4,historical_sample
jhb_cbd,Thursday,09:00,passport_renewal,77,medium,0,4,historical_sample
jhb_cbd,Thursday,09:00,id_application,79,medium,0,4,historical_sample
jhb_cbd,Thursday,09:00,birth_registration,68,medium,0,4,historical_sample
jhb_cbd,Thursday,10:00,id_replacement,77,medium,0,4,historical_sample
jhb_cbd,Thursday,10:00,birth_registration,63,medium,0,4,historical_sample
jhb_cbd,Thursday,11:00,passport_renewal,57,medium,0,4,historical_sample
jhb_cbd,Thursday,11:00,passport_new,67,medium,0,4,historical_sample
jhb_cbd,Thursday,12:00,passport_renewal,43,low,0,4,historical_sample
jhb_cbd,Thursday,12:00,passport_new,55,medium,0,4,historical_sample
jhb_cbd,Thursday,12:00,id_application,52,medium,0,4,historical_sample
jhb_cbd,Thursday,12:00,id_replacement,51,medium,0,4,historical_sample
jhb_cbd,Thursday,12:00,birth_registration,39,low,0,4,historical_sample
jhb_cbd,Thursday,13:00,passport_renewal,46,medium,0,4,historical_sample
jhb_cbd,Thursday,13:00,passport_new,44,low,0,4,historical_sample
jhb_cbd,Thursday,13:00,birth_registration,36,low,0,4,historical_sample
jhb_cbd,Thursday,14:00,id_application,38,low,0,4,historical_sample
jhb_cbd,Thursday,14:00,id_replacement,35,low,0,4,historical_sample
jhb_cbd,Thursday,14:00,birth_registration,36,low,0,4,historical_sample
jhb_cbd,Thursday,15:00,passport_renewal,53,medium,0,4,historical_sample
jhb_cbd,Thursday,15:00,id_replacement,52,medium,0,4,historical_sample
jhb_cbd,Thursday,15:00,birth_registration,48,medium,0,4,historical_sample
soweto,Thursday,08:00,passport_renewal,59,medium,0,4,historical_sample
soweto,Thursday,08:00,passport_new,73,medium,0,4,historical_sample
soweto,Thursday,08:00,id_replacement,72,medium,0,4,historical_sample
soweto,Thursday,09:00,passport_renewal,51,medium,0,4,historical_sample
soweto,Thursday,09:00,passport_new,56,medium,0,4,historical_sample
soweto,Thursday,09:00,id_application,45,medium,0,4,historical_sample
soweto,Thursday,10:00,passport_new,51,medium,0,4,historical_sample
soweto,Thursday,10:00,id_application,43,low,0,4,historical_sample
soweto,Thursday,10:00,id_replacement,47,medium,0,4,historical_sample
soweto,Thursday,10:00,birth_registration,35,low,0,4,historical_sample
soweto,Thursday,11:00,passport_renewal,35,low,0,4,historical_sample
soweto,Thursday,11:00,passport_new,50,medium,0,4,historical_sample
soweto,Thursday,11:00,id_application,36,low,0,4,historical_sample
soweto,Thursday,11:00,id_replacement,46,medium,0,4,historical_sample
soweto,Thursday,11:00,birth_registration,37,low,0,4,historical_sample
soweto,Thursday,12:00,passport_renewal,34,low,0,4,historical_sample
soweto,Thursday,12:00,passport_new,34,low,0,4,historical_sample
soweto,Thursday,12:00,id_application,31,low,0,4,historical_sample
soweto,Thursday,12:00,id_replacement,33,low,0,4,historical_sample
soweto,Thursday,13:00,id_replacement,35,low,0,4,historical_sample
soweto,Thursday,14:00,passport_renewal,29,low,0,4,historical_sample
soweto,Thursday,14:00,id_replacement,28,low,0,4,historical_sample
soweto,Thursday,15:00,id_replacement,40,low,0,4,historical_sample
soweto,Thursday,15:00,birth_registration,36,low,0,4,historical_sample
randburg,Thursday,08:00,passport_new,58,medium,0,4,historical_sample
randburg,Thursday,08:00,id_application,48,medium,0,4,historical_sample
randburg,Thursday,08:00,id_replacement,69,medium,0,4,historical_sample
randburg,Thursday,08:00,birth_registration,50,medium,0,4,historical_sample
randburg,Thursday,09:00,passport_new,58,medium,0,4,historical_sample
randburg,Thursday,09:00,id_replacement,45,medium,0,4,historical_sample
randburg,Thursday,09:00,birth_registration,38,low,0,4,historical_sample
randburg,Thursday,10:00,id_replacement,42,low,0,4,historical_sample
randburg,Thursday,10:00,birth_registration,32,low,0,4,historical_sample
randburg,Thursday,11:00,passport_new,42,low,0,4,historical_sample
randburg,Thursday,11:00,id_application,35,low,0,4,historical_sample
randburg,Thursday,11:00,id_replacement,42,low,0,4,historical_sample
randburg,Thursday,12:00,passport_renewal,30,low,0,4,historical_sample
randburg,Thursday,12:00,birth_registration,25,low,0,4,historical_sample
randburg,Thursday,13:00,id_application,27,low,0,4,historical_sample
randburg,Thursday,13:00,id_replacement,24,low,0,4,historical_sample
randburg,Thursday,14:00,id_application,22,low,0,4,historical_sample
randburg,Thursday,14:00,id_replacement,26,low,0,4,historical_sample
randburg,Thursday,14:00,birth_registration,21,low,0,4,historical_sample
randburg,Thursday,15:00,passport_renewal,31,low,0,4,historical_sample
randburg,Thursday,15:00,id_application,32,low,0,4,historical_sample
randburg,Thursday,15:00,id_replacement,32,low,0,4,historical_sample
randburg,Thursday,15:00,birth_registration,30,low,0,4,historical_sample
pta_cbd,Thursday,08:00,passport_new,103,high,0,4,historical_sample
pta_cbd,Thursday,08:00,birth_registration,83,high,0,4,historical_sample
pta_cbd,Thursday,09:00,passport_new,101,high,0,4,historical_sample
pta_cbd,Thursday,09:00,id_replacement,80,high,0,4,historical_sample
pta_cbd,Thursday,09:00,birth_registration,83,high,0,4,historical_sample
pta_cbd,Thursday,10:00,passport_new,84,high,0,4,historical_sample
pta_cbd,Thursday,10:00,id_replacement,77,medium,0,4,historical_sample
pta_cbd,Thursday,11:00,passport_renewal,65,medium,0,4,historical_sample
pta_cbd,Thursday,11:00,passport_new,68,medium,0,4,historical_sample
pta_cbd,Thursday,11:00,id_application,58,medium,0,4,historical_sample
pta_cbd,Thursday,11:00,id_replacement,61,medium,0,4,historical_sample
pta_cbd,Thursday,11:00,birth_registration,50,medium,0,4,historical_sample
pta_cbd,Thursday,12:00,passport_new,61,medium,0,4,historical_sample
pta_cbd,Thursday,13:00,passport_new,62,medium,0,4,historical_sample
pta_cbd,Thursday,13:00,id_application,49,medium,0,4,historical_sample
pta_cbd,Thursday,13:00,birth_registration,39,low,0,4,historical_sample
pta_cbd,Thursday,14:00,passport_new,48,medium,0,4,historical_sample
pta_cbd,Thursday,14:00,id_application,35,low,0,4,historical_sample
pta_cbd,Thursday,14:00,id_replacement,42,low,0,4,historical_sample
pta_cbd,Thursday,15:00,passport_new,60,medium,0,4,historical_sample
pta_cbd,Thursday,15:00,id_application,44,low,0,4,historical_sample
pta_cbd,Thursday,15:00,id_replacement,63,medium,0,4,historical_sample
pta_cbd,Thursday,15:00,birth_registration,45,medium,0,4,historical_sample
sandton,Thursday,08:00,passport_renewal,48,medium,0,4,historical_sample
sandton,Thursday,08:00,id_application,52,medium,0,4,historical_sample
sandton,Thursday,08:00,birth_registration,44,low,0,4,historical_sample
sandton,Thursday,09:00,passport_new,49,medium,0,4,historical_sample
sandton,Thursday,09:00,id_replacement,49,medium,0,4,historical_sample
sandton,Thursday,09:00,birth_registration,41,low,0,4,historical_sample
sandton,Thursday,10:00,passport_renewal,41,low,0,4,historical_sample
sandton,Thursday,10:00,passport_new,40,low,0,4,historical_sample
sandton,Thursday,10:00,id_application,40,low,0,4,historical_sample
sandton,Thursday,10:00,id_replacement,37,low,0,4,historical_sample
sandton,Thursday,10:00,birth_registration,32,low,0,4,historical_sample
sandton,Thursday,11:00,id_application,31,low,0,4,historical_sample
sandton,Thursday,11:00,id_replacement,30,low,0,4,historical_sample
sandton,Thursday,11:00,birth_registration,29,low,0,4,historical_sample
sandton,Thursday,12:00,id_application,26,low,0,4,historical_sample
sandton,Thursday,12:00,id_replacement,27,low,0,4,historical_sample
sandton,Thursday,12:00,birth_registration,26,low,0,4,historical_sample
sandton,Thursday,13:00,passport_renewal,21,low,0,4,historical_sample
sandton,Thursday,14:00,passport_renewal,24,low,0,4,historical_sample
sandton,Thursday,14:00,passport_new,27,low,0,4,historical_sample
sandton,Thursday,14:00,id_replacement,24,low,0,4,historical_sample
sandton,Thursday,14:00,birth_registration,19,low,0,4,historical_sample
sandton,Thursday,15:00,passport_renewal,32,low,0,4,historical_sample
sandton,Thursday,15:00,passport_new,30,low,0,4,historical_sample
sandton,Thursday,15:00,id_application,28,low,0,4,historical_sample
sandton,Thursday,15:00,id_replacement,35,low,0,4,historical_sample
jhb_cbd,Friday,08:00,passport_renewal,109,high,0,4,historical_sample
jhb_cbd,Friday,08:00,passport_new,125,high,0,4,historical_sample
jhb_cbd,Friday,08:00,id_application,117,high,0,4,historical_sample
jhb_cbd,Friday,08:00,id_replacement,120,high,0,4,historical_sample
jhb_cbd,Friday,09:00,passport_new,108,high,0,4,historical_sample
jhb_cbd,Friday,09:00,id_replacement,93,high,0,4,historical_sample
jhb_cbd,Friday,09:00,birth_registration,80,high,0,4,historical_sample
jhb_cbd,Friday,10:00,id_application,84,high,0,4,historical_sample
jhb_cbd,Friday,10:00,birth_registration,84,high,0,4,historical_sample
jhb_cbd,Friday,11:00,passport_new,84,high,0,4,historical_sample
jhb_cbd,Friday,11:00,id_application,67,medium,0,4,historical_sample
jhb_cbd,Friday,11:00,id_replacement,84,high,0,4,historical_sample
jhb_cbd,Friday,11:00,birth_registration,75,medium,0,4,historical_sample
jhb_cbd,Friday,12:00,id_application,69,medium,0,4,historical_sample
jhb_cbd,Friday,12:00,id_replacement,63,medium,0,4,historical_sample
jhb_cbd,Friday,12:00,birth_registration,63,medium,0,4,historical_sample
jhb_cbd,Friday,13:00,passport_renewal,67,medium,0,4,historical_sample
jhb_cbd,Friday,13:00,passport_new,68,medium,0,4,historical_sample
jhb_cbd,Friday,13:00,id_application,55,medium,0,4,historical_sample
jhb_cbd,Friday,13:00,id_replacement,65,medium,0,4,historical_sample
jhb_cbd,Friday,13:00,birth_registration,51,medium,0,4,historical_sample
jhb_cbd,Friday,14:00,id_application,42,low,0,4,historical_sample
jhb_cbd,Friday,14:00,id_replacement,47,medium,0,4,historical_sample
jhb_cbd,Friday,14:00,birth_registration,37,low,0,4,historical_sample
jhb_cbd,Friday,15:00,passport_new,79,medium,0,4,historical_sample
jhb_cbd,Friday,15:00,id_application,58,medium,0,4,historical_sample
jhb_cbd,Friday,15:00,id_replacement,67,medium,0,4,historical_sample
soweto,Friday,08:00,id_application,78,medium,0,4,historical_sample
soweto,Friday,08:00,id_replacement,86,high,0,4,historical_sample
soweto,Friday,08:00,birth_registration,65,medium,0,4,historical_sample
soweto,Friday,09:00,id_replacement,79,medium,0,4,historical_sample
soweto,Friday,10:00,passport_renewal,68,medium,0,4,historical_sample
soweto,Friday,10:00,passport_new,56,medium,0,4,historical_sample
soweto,Friday,10:00,id_application,49,medium,0,4,historical_sample
soweto,Friday,10:00,id_replacement,69,medium,0,4,historical_sample
soweto,Friday,10:00,birth_registration,52,medium,0,4,historical_sample
soweto,Friday,11:00,passport_renewal,56,medium,0,4,historical_sample
soweto,Friday,11:00,id_application,54,medium,0,4,historical_sample
soweto,Friday,12:00,passport_renewal,54,medium,0,4,historical_sample
soweto,Friday,12:00,passport_new,58,medium,0,4,historical_sample
soweto,Friday,12:00,id_application,51,medium,0,4,historical_sample
soweto,Friday,12:00,birth_registration,39,low,0,4,historical_sample
soweto,Friday,13:00,passport_new,43,low,0,4,historical_sample
soweto,Friday,13:00,id_application,38,low,0,4,historical_sample
soweto,Friday,13:00,id_replacement,40,low,0,4,historical_sample
soweto,Friday,13:00,birth_registration,33,low,0,4,historical_sample
soweto,Friday,14:00,passport_new,38,low,0,4,historical_sample
soweto,Friday,14:00,id_replacement,37,low,0,4,historical_sample
soweto,Friday,14:00,birth_registration,36,low,0,4,historical_sample
soweto,Friday,15:00,passport_new,55,medium,0,4,historical_sample
soweto,Friday,15:00,id_application,50,medium,0,4,historical_sample
soweto,Friday,15:00,id_replacement,48,medium,0,4,historical_sample
soweto,Friday,15:00,birth_registration,47,medium,0,4,historical_sample
randburg,Friday,08:00,passport_new,88,high,0,4,historical_sample
randburg,Friday,08:00,id_application,77,medium,0,4,historical_sample
randburg,Friday,08:00,id_replacement,86,high,0,4,historical_sample
randburg,Friday,08:00,birth_registration,64,medium,0,4,historical_sample
randburg,Friday,09:00,passport_renewal,62,medium,0,4,historical_sample
randburg,Friday,09:00,passport_new,69,medium,0,4,historical_sample
randburg,Friday,09:00,id_application,55,medium,0,4,historical_sample
randburg,Friday,09:00,id_replacement,76,medium,0,4,historical_sample
randburg,Friday,09:00,birth_registration,66,medium,0,4,historical_sample
randburg,Friday,10:00,passport_renewal,61,medium,0,4,historical_sample
randburg,Friday,10:00,id_replacement,52,medium,0,4,historical_sample
randburg,Friday,11:00,passport_renewal,53,medium,0,4,historical_sample
randburg,Friday,11:00,passport_new,58,medium,0,4,historical_sample
randburg,Friday,11:00,id_application,44,low,0,4,historical_sample
randburg,Friday,11:00,birth_registration,47,medium,0,4,historical_sample
randburg,Friday,12:00,passport_renewal,41,low,0,4,historical_sample
randburg,Friday,12:00,passport_new,50,medium,0,4,historical_sample
randburg,Friday,12:00,id_application,44,low,0,4,historical_sample
randburg,Friday,12:00,id_replacement,48,medium,0,4,historical_sample
randburg,Friday,12:00,birth_registration,37,low,0,4,historical_sample
randburg,Friday,13:00,passport_renewal,37,low,0,4,historical_sample
randburg,Friday,13:00,passport_new,42,low,0,4,historical_sample
randburg,Friday,13:00,id_application,29,low,0,4,historical_sample
randburg,Friday,13:00,birth_registration,33,low,0,4,historical_sample
randburg,Friday,14:00,passport_renewal,29,low,0,4,historical_sample
randburg,Friday,14:00,passport_new,38,low,0,4,historical_sample
randburg,Friday,15:00,passport_renewal,52,medium,0,4,historical_sample
randburg,Friday,15:00,passport_new,54,medium,0,4,historical_sample
randburg,Friday,15:00,id_application,45,medium,0,4,historical_sample
randburg,Friday,15:00,id_replacement,45,medium,0,4,historical_sample
randburg,Friday,15:00,birth_registration,43,low,0,4,historical_sample
pta_cbd,Friday,08:00,passport_new,144,high,0,4,historical_sample
pta_cbd,Friday,08:00,id_application,103,high,0,4,historical_sample
pta_cbd,Friday,08:00,id_replacement,113,high,0,4,historical_sample
pta_cbd,Friday,08:00,birth_registration,122,high,0,4,historical_sample
pta_cbd,Friday,09:00,passport_renewal,99,high,0,4,historical_sample
pta_cbd,Friday,09:00,passport_new,133,high,0,4,historical_sample
pta_cbd,Friday,09:00,id_application,106,high,0,4,historical_sample
pta_cbd,Friday,09:00,id_replacement,129,high,0,4,historical_sample
pta_cbd,Friday,10:00,passport_renewal,86,high,0,4,historical_sample
pta_cbd,Friday,10:00,passport_new,103,high,0,4,historical_sample
pta_cbd,Friday,10:00,birth_registration,97,high,0,4,historical_sample
pta_cbd,Friday,11:00,passport_new,90,high,0,4,historical_sample
pta_cbd,Friday,11:00,id_application,78,medium,0,4,historical_sample
pta_cbd,Friday,11:00,id_replacement,78,medium,0,4,historical_sample
pta_cbd,Friday,11:00,birth_registration,68,medium,0,4,historical_sample
pta_cbd,Friday,12:00,passport_renewal,78,medium,0,4,historical_sample
pta_cbd,Friday,12:00,id_application,60,medium,0,4,historical_sample
pta_cbd,Friday,12:00,id_replacement,77,medium,0,4,historical_sample
pta_cbd,Friday,12:00,birth_registration,60,medium,0,4,historical_sample
pta_cbd,Friday,13:00,passport_renewal,64,medium,0,4,historical_sample
pta_cbd,Friday,13:00,passport_new,64,medium,0,4,historical_sample
pta_cbd,Friday,13:00,birth_registration,66,medium,0,4,historical_sample
pta_cbd,Friday,14:00,passport_renewal,56,medium,0,4,historical_sample
pta_cbd,Friday,14:00,passport_new,50,medium,0,4,historical_sample
pta_cbd,Friday,14:00,birth_registration,51,medium,0,4,historical_sample
pta_cbd,Friday,15:00,passport_renewal,76,medium,0,4,historical_sample
pta_cbd,Friday,15:00,passport_new,73,medium,0,4,historical_sample
sandton,Friday,08:00,passport_new,83,high,0,4,historical_sample
sandton,Friday,08:00,id_application,71,medium,0,4,historical_sample
sandton,Friday,08:00,id_replacement,74,medium,0,4,historical_sample
sandton,Friday,09:00,passport_new,62,medium,0,4,historical_sample
sandton,Friday,09:00,id_application,54,medium,0,4,historical_sample
sandton,Friday,09:00,id_replacement,64,medium,0,4,historical_sample
sandton,Friday,09:00,birth_registration,50,medium,0,4,historical_sample
sandton,Friday,10:00,passport_renewal,56,medium,0,4,historical_sample
sandton,Friday,10:00,passport_new,49,medium,0,4,historical_sample
sandton,Friday,10:00,id_replacement,47,medium,0,4,historical_sample
sandton,Friday,11:00,id_application,47,medium,0,4,historical_sample
sandton,Friday,11:00,id_replacement,54,medium,0,4,historical_sample
sandton,Friday,12:00,passport_renewal,39,low,0,4,historical_sample
sandton,Friday,12:00,passport_new,39,low,0,4,historical_sample
sandton,Friday,12:00,id_replacement,38,low,0,4,historical_sample
sandton,Friday,12:00,birth_registration,37,low,0,4,historical_sample
sandton,Friday,13:00,passport_new,38,low,0,4,historical_sample
sandton,Friday,13:00,id_application,27,low,0,4,historical_sample
sandton,Friday,14:00,id_application,27,low,0,4,historical_sample
sandton,Friday,14:00,id_replacement,35,low,0,4,historical_sample
sandton,Friday,15:00,passport_renewal,44,low,0,4,historical_sample
sandton,Friday,15:00,passport_new,46,medium,0,4,historical_sample
sandton,Friday,15:00,id_application,44,low,0,4,historical_sample
jhb_cbd,Monday,08:00,passport_renewal,107,high,0,5,historical_sample
jhb_cbd,Monday,08:00,id_application,105,high,0,5,historical_sample
jhb_cbd,Monday,08:00,id_replacement,127,high,0,5,historical_sample
jhb_cbd,Monday,08:00,birth_registration,121,high,0,5,historical_sample
jhb_cbd,Monday,09:00,passport_renewal,108,high,0,5,historical_sample
jhb_cbd,Monday,09:00,passport_new,102,high,0,5,historical_sample
jhb_cbd,Monday,09:00,id_application,106,high,0,5,historical_sample
jhb_cbd,Monday,09:00,id_replacement,95,high,0,5,historical_sample
jhb_cbd,Monday,09:00,birth_registration,100,high,0,5,historical_sample
jhb_cbd,Monday,10:00,passport_renewal,96,high,0,5,historical_sample
jhb_cbd,Monday,10:00,passport_new,113,high,0,5,historical_sample
jhb_cbd,Monday,10:00,birth_registration,88,high,0,5,historical_sample
jhb_cbd,Monday,11:00,passport_renewal,92,high,0,5,historical_sample
jhb_cbd,Monday,11:00,passport_new,76,medium,0,5,historical_sample
jhb_cbd,Monday,11:00,id_application,80,high,0,5,historical_sample
jhb_cbd,Monday,11:00,id_replacement,80,high,0,5,historical_sample
jhb_cbd,Monday,11:00,birth_registration,78,medium,0,5,historical_sample
jhb_cbd,Monday,12:00,passport_renewal,70,medium,0,5,historical_sample
jhb_cbd,Monday,12:00,id_replacement,68,medium,0,5,historical_sample
jhb_cbd,Monday,13:00,passport_new,66,medium,0,5,historical_sample
jhb_cbd,Monday,13:00,id_application,53,medium,0,5,historical_sample
jhb_cbd,Monday,13:00,id_replacement,72,medium,0,5,historical_sample
jhb_cbd,Monday,14:00,passport_renewal,44,low,0,5,historical_sample
jhb_cbd,Monday,14:00,passport_new,51,medium,0,5,historical_sample
jhb_cbd,Monday,14:00,id_application,49,medium,0,5,historical_sample
jhb_cbd,Monday,14:00,birth_registration,44,low,0,5,historical_sample
jhb_cbd,Monday,15:00,passport_renewal,64,medium,0,5,historical_sample
jhb_cbd,Monday,15:00,passport_new,67,medium,0,5,historical_sample
jhb_cbd,Monday,15:00,id_application,71,medium,0,5,historical_sample
jhb_cbd,Monday,15:00,id_replacement,71,medium,0,5,historical_sample
jhb_cbd,Monday,15:00,birth_registration,61,medium,0,5,historical_sample
soweto,Monday,08:00,passport_renewal,85,high,0,5,historical_sample
soweto,Monday,08:00,passport_new,105,high,0,5,historical_sample
soweto,Monday,08:00,id_application,81,high,0,5,historical_sample
soweto,Monday,08:00,id_replacement,79,medium,0,5,historical_sample
soweto,Monday,09:00,passport_renewal,68,medium,0,5,historical_sample
soweto,Monday,09:00,passport_new,73,medium,0,5,historical_sample
soweto,Monday,09:00,id_application,74,medium,0,5,historical_sample
soweto,Monday,09:00,id_replacement,73,medium,0,5,historical_sample
soweto,Monday,09:00,birth_registration,75,medium,0,5,historical_sample
soweto,Monday,10:00,passport_renewal,55,medium,0,5,historical_sample
soweto,Monday,10:00,id_application,65,medium,0,5,historical_sample
soweto,Monday,10:00,id_replacement,61,medium,0,5,historical_sample
soweto,Monday,11:00,id_replacement,51,medium,0,5,historical_sample
soweto,Monday,11:00,birth_registration,51,medium,0,5,historical_sample
soweto,Monday,12:00,id_replacement,46,medium,0,5,historical_sample
soweto,Monday,12:00,birth_registration,40,low,0,5,historical_sample
soweto,Monday,13:00,passport_new,42,low,0,5,historical_sample
soweto,Monday,13:00,id_application,39,low,0,5,historical_sample
soweto,Monday,13:00,id_replacement,45,medium,0,5,historical_sample
soweto,Monday,13:00,birth_registration,40,low,0,5,historical_sample
soweto,Monday,14:00,passport_new,45,medium,0,5,historical_sample
soweto,Monday,14:00,birth_registration,34,low,0,5,historical_sample
soweto,Monday,15:00,passport_renewal,44,low,0,5,historical_sample
soweto,Monday,15:00,passport_new,46,medium,0,5,historical_sample
soweto,Monday,15:00,birth_registration,47,medium,0,5,historical_sample
randburg,Monday,08:00,passport_renewal,92,high,0,5,historical_sample
randburg,Monday,08:00,passport_new,89,high,0,5,historical_sample
randburg,Monday,08:00,id_application,88,high,0,5,historical_sample
randburg,Monday,08:00,id_replacement,89,high,0,5,historical_sample
randburg,Monday,08:00,birth_registration,70,medium,0,5,historical_sample
randburg,Monday,10:00,passport_renewal,62,medium,0,5,historical_sample
randburg,Monday,10:00,id_application,55,medium,0,5,historical_sample
randburg,Monday,10:00,id_replacement,61,medium,0,5,historical_sample
randburg,Monday,10:00,birth_registration,45,medium,0,5,historical_sample
randburg,Monday,11:00,passport_new,54,medium,0,5,historical_sample
randburg,Monday,12:00,passport_renewal,49,medium,0,5,historical_sample
randburg,Monday,12:00,passport_new,53,medium,0,5,historical_sample
randburg,Monday,12:00,id_application,37,low,0,5,historical_sample
randburg,Monday,12:00,id_replacement,50,medium,0,5,historical_sample
randburg,Monday,13:00,passport_new,43,low,0,5,historical_sample
randburg,Monday,13:00,id_application,39,low,0,5,historical_sample
randburg,Monday,13:00,id_replacement,40,low,0,5,historical_sample
randburg,Monday,13:00,birth_registration,31,low,0,5,historical_sample
randburg,Monday,14:00,passport_renewal,34,low,0,5,historical_sample
randburg,Monday,14:00,passport_new,39,low,0,5,historical_sample
randburg,Monday,14:00,id_application,36,low,0,5,historical_sample
randburg,Monday,14:00,id_replacement,39,low,0,5,historical_sample
randburg,Monday,14:00,birth_registration,30,low,0,5,historical_sample
randburg,Monday,15:00,id_application,44,low,0,5,historical_sample
randburg,Monday,15:00,id_replacement,49,medium,0,5,historical_sample
randburg,Monday,15:00,birth_registration,40,low,0,5,historical_sample
pta_cbd,Monday,08:00,passport_renewal,107,high,0,5,historical_sample
pta_cbd,Monday,09:00,passport_new,117,high,0,5,historical_sample
pta_cbd,Monday,09:00,id_application,117,high,0,5,historical_sample
pta_cbd,Monday,09:00,id_replacement,105,high,0,5,historical_sample
pta_cbd,Monday,10:00,passport_renewal,113,high,0,5,historical_sample
pta_cbd,Monday,10:00,passport_new,115,high,0,5,historical_sample
pta_cbd,Monday,10:00,id_application,103,high,0,5,historical_sample
pta_cbd,Monday,10:00,id_replacement,115,high,0,5,historical_sample
pta_cbd,Monday,10:00,birth_registration,84,high,0,5,historical_sample
pta_cbd,Monday,11:00,passport_renewal,91,high,0,5,historical_sample
pta_cbd,Monday,11:00,id_replacement,80,high,0,5,historical_sample
pta_cbd,Monday,11:00,birth_registration,90,high,0,5,historical_sample
pta_cbd,Monday,12:00,birth_registration,64,medium,0,5,historical_sample
pta_cbd,Monday,13:00,passport_new,84,high,0,5,historical_sample
pta_cbd,Monday,13:00,birth_registration,64,medium,0,5,historical_sample
pta_cbd,Monday,14:00,birth_registration,43,low,0,5,historical_sample
pta_cbd,Monday,15:00,passport_renewal,69,medium,0,5,historical_sample
pta_cbd,Monday,15:00,id_application,71,medium,0,5,historical_sample
pta_cbd,Monday,15:00,id_replacement,83,high,0,5,historical_sample
pta_cbd,Monday,15:00,birth_registration,66,medium,0,5,historical_sample
sandton,Monday,08:00,passport_renewal,75,medium,0,5,historical_sample
sandton,Monday,08:00,id_replacement,78,medium,0,5,historical_sample
sandton,Monday,08:00,birth_registration,67,medium,0,5,historical_sample
sandton,Monday,09:00,id_application,65,medium,0,5,historical_sample
sandton,Monday,09:00,id_replacement,58,medium,0,5,historical_sample
sandton,Monday,10:00,passport_renewal,52,medium,0,5,historical_sample
sandton,Monday,10:00,passport_new,50,medium,0,5,historical_sample
sandton,Monday,10:00,id_application,47,medium,0,5,historical_sample
sandton,Monday,10:00,birth_registration,46,medium,0,5,historical_sample
sandton,Monday,11:00,passport_renewal,51,medium,0,5,historical_sample
sandton,Monday,11:00,id_application,42,low,0,5,historical_sample
sandton,Monday,11:00,id_replacement,43,low,0,5,historical_sample
sandton,Monday,11:00,birth_registration,46,medium,0,5,historical_sample
sandton,Monday,12:00,passport_renewal,41,low,0,5,historical_sample
sandton,Monday,12:00,id_application,37,low,0,5,historical_sample
sandton,Monday,12:00,birth_registration,35,low,0,5,historical_sample
sandton,Monday,13:00,passport_renewal,34,low,0,5,historical_sample
sandton,Monday,13:00,passport_new,41,low,0,5,historical_sample
sandton,Monday,13:00,id_application,28,low,0,5,historical_sample
sandton,Monday,14:00,passport_renewal,35,low,0,5,historical_sample
sandton,Monday,14:00,id_replacement,29,low,0,5,historical_sample
sandton,Monday,15:00,passport_renewal,45,medium,0,5,historical_sample
sandton,Monday,15:00,passport_new,53,medium,0,5,historical_sample
sandton,Monday,15:00,id_replacement,48,medium,0,5,historical_sample
sandton,Monday,15:00,birth_registration,39,low,0,5,historical_sample
jhb_cbd,Tuesday,08:00,passport_new,115,high,0,5,historical_sample
jhb_cbd,Tuesday,08:00,id_application,89,high,0,5,historical_sample
jhb_cbd,Tuesday,08:00,id_replacement,117,high,0,5,historical_sample
jhb_cbd,Tuesday,09:00,passport_new,110,high,0,5,historical_sample
jhb_cbd,Tuesday,09:00,id_application,83,high,0,5,historical_sample
jhb_cbd,Tuesday,09:00,birth_registration,87,high,0,5,historical_sample
jhb_cbd,Tuesday,10:00,passport_renewal,83,high,0,5,historical_sample
jhb_cbd,Tuesday,10:00,passport_new,93,high,0,5,historical_sample
jhb_cbd,Tuesday,10:00,id_application,68,medium,0,5,historical_sample
jhb_cbd,Tuesday,11:00,passport_new,80,high,0,5,historical_sample
jhb_cbd,Tuesday,11:00,id_replacement,67,medium,0,5,historical_sample
jhb_cbd,Tuesday,12:00,passport_renewal,58,medium,0,5,historical_sample
jhb_cbd,Tuesday,12:00,passport_new,57,medium,0,5,historical_sample
jhb_cbd,Tuesday,12:00,id_replacement,62,medium,0,5,historical_sample
jhb_cbd,Tuesday,13:00,passport_renewal,56,medium,0,5,historical_sample
jhb_cbd,Tuesday,13:00,passport_new,51,medium,0,5,historical_sample
jhb_cbd,Tuesday,13:00,id_replacement,57,medium,0,5,historical_sample
jhb_cbd,Tuesday,13:00,birth_registration,40,low,0,5,historical_sample
jhb_cbd,Tuesday,14:00,passport_renewal,37,low,0,5,historical_sample
jhb_cbd,Tuesday,14:00,id_application,39,low,0,5,historical_sample
jhb_cbd,Tuesday,14:00,id_replacement,48,medium,0,5,historical_sample
jhb_cbd,Tuesday,14:00,birth_registration,38,low,0,5,historical_sample
jhb_cbd,Tuesday,15:00,passport_renewal,59,medium,0,5,historical_sample
jhb_cbd,Tuesday,15:00,passport_new,65,medium,0,5,historical_sample
jhb_cbd,Tuesday,15:00,id_application,51,medium,0,5,historical_sample
jhb_cbd,Tuesday,15:00,id_replacement,64,medium,0,5,historical_sample
jhb_cbd,Tuesday,15:00,birth_registration,55,medium,0,5,historical_sample
soweto,Tuesday,08:00,passport_renewal,67,medium,0,5,historical_sample
soweto,Tuesday,08:00,id_application,76,medium,0,5,historical_sample
soweto,Tuesday,08:00,id_replacement,67,medium,0,5,historical_sample
soweto,Tuesday,08:00,birth_registration,72,medium,0,5,historical_sample
soweto,Tuesday,09:00,id_application,59,medium,0,5,historical_sample
soweto,Tuesday,09:00,id_replacement,63,medium,0,5,historical_sample
soweto,Tuesday,09:00,birth_registration,58,medium,0,5,historical_sample
soweto,Tuesday,10:00,passport_renewal,50,medium,0,5,historical_sample
soweto,Tuesday,10:00,id_application,48,medium,0,5,historical_sample
soweto,Tuesday,10:00,id_replacement,62,medium,0,5,historical_sample
soweto,Tuesday,10:00,birth_registration,53,medium,0,5,historical_sample
soweto,Tuesday,11:00,passport_renewal,42,low,0,5,historical_sample
soweto,Tuesday,11:00,id_application,39,low,0,5,historical_sample
soweto,Tuesday,11:00,id_replacement,55,medium,0,5,historical_sample
soweto,Tuesday,12:00,passport_new,49,medium,0,5,historical_sample
soweto,Tuesday,12:00,id_application,38,low,0,5,historical_sample
soweto,Tuesday,12:00,id_replacement,45,medium,0,5,historical_sample
soweto,Tuesday,12:00,birth_registration,33,low,0,5,historical_sample
soweto,Tuesday,13:00,passport_renewal,31,low,0,5,historical_sample
soweto,Tuesday,13:00,id_application,40,low,0,5,historical_sample
soweto,Tuesday,13:00,birth_registration,35,low,0,5,historical_sample
soweto,Tuesday,14:00,passport_new,29,low,0,5,historical_sample
soweto,Tuesday,14:00,id_application,33,low,0,5,historical_sample
soweto,Tuesday,14:00,birth_registration,28,low,0,5,historical_sample
soweto,Tuesday,15:00,id_application,38,low,0,5,historical_sample
soweto,Tuesday,15:00,id_replacement,44,low,0,5,historical_sample
soweto,Tuesday,15:00,birth_registration,40,low,0,5,historical_sample
randburg,Tuesday,08:00,passport_renewal,72,medium,0,5,historical_sample
randburg,Tuesday,08:00,passport_new,80,high,0,5,historical_sample
randburg,Tuesday,08:00,id_application,64,medium,0,5,historical_sample
randburg,Tuesday,08:00,id_replacement,70,medium,0,5,historical_sample
randburg,Tuesday,08:00,birth_registration,58,medium,0,5,historical_sample
randburg,Tuesday,09:00,passport_renewal,60,medium,0,5,historical_sample
randburg,Tuesday,09:00,passport_new,58,medium,0,5,historical_sample
randburg,Tuesday,09:00,id_application,55,medium,0,5,historical_sample
randburg,Tuesday,09:00,id_replacement,67,medium,0,5,historical_sample
randburg,Tuesday,09:00,birth_registration,54,medium,0,5,historical_sample
randburg,Tuesday,10:00,passport_renewal,50,medium,0,5,historical_sample
randburg,Tuesday,10:00,passport_new,56,medium,0,5,historical_sample
randburg,Tuesday,10:00,id_application,45,medium,0,5,historical_sample
randburg,Tuesday,10:00,birth_registration,38,low,0,5,historical_sample
randburg,Tuesday,11:00,passport_renewal,42,low,0,5,historical_sample
randburg,Tuesday,11:00,id_application,36,low,0,5,historical_sample
randburg,Tuesday,11:00,id_replacement,49,medium,0,5,historical_sample
randburg,Tuesday,12:00,passport_renewal,33,low,0,5,historical_sample
randburg,Tuesday,12:00,id_application,32,low,0,5,historical_sample
randburg,Tuesday,12:00,id_replacement,43,low,0,5,historical_sample
randburg,Tuesday,12:00,birth_registration,36,low,0,5,historical_sample
randburg,Tuesday,13:00,passport_renewal,30,low,0,5,historical_sample
randburg,Tuesday,13:00,id_application,25,low,0,5,historical_sample
randburg,Tuesday,13:00,id_replacement,32,low,0,5,historical_sample
randburg,Tuesday,13:00,birth_registration,26,low,0,5,historical_sample
randburg,Tuesday,15:00,id_replacement,37,low,0,5,historical_sample
randburg,Tuesday,15:00,birth_registration,34,low,0,5,historical_sample
pta_cbd,Tuesday,08:00,id_application,94,high,0,5,historical_sample
pta_cbd,Tuesday,08:00,id_replacement,104,high,0,5,historical_sample
pta_cbd,Tuesday,08:00,birth_registration,103,high,0,5,historical_sample
pta_cbd,Tuesday,09:00,id_application,92,high,0,5,historical_sample
pta_cbd,Tuesday,09:00,id_replacement,106,high,0,5,historical_sample
pta_cbd,Tuesday,09:00,birth_registration,75,medium,0,5,historical_sample
pta_cbd,Tuesday,10:00,passport_new,89,high,0,5,historical_sample
pta_cbd,Tuesday,10:00,id_application,77,medium,0,5,historical_sample
pta_cbd,Tuesday,10:00,birth_registration,70,medium,0,5,historical_sample
pta_cbd,Tuesday,11:00,passport_renewal,77,medium,0,5,historical_sample
pta_cbd,Tuesday,11:00,id_application,75,medium,0,5,historical_sample
pta_cbd,Tuesday,11:00,birth_registration,57,medium,0,5,historical_sample
pta_cbd,Tuesday,12:00,passport_renewal,57,medium,0,5,historical_sample
pta_cbd,Tuesday,12:00,passport_new,66,medium,0,5,historical_sample
pta_cbd,Tuesday,12:00,id_application,64,medium,0,5,historical_sample
pta_cbd,Tuesday,12:00,id_replacement,64,medium,0,5,historical_sample
pta_cbd,Tuesday,12:00,birth_registration,55,medium,0,5,historical_sample
pta_cbd,Tuesday,13:00,passport_new,69,medium,0,5,historical_sample
pta_cbd,Tuesday,13:00,id_replacement,51,medium,0,5,historical_sample
pta_cbd,Tuesday,13:00,birth_registration,51,medium,0,5,historical_sample
pta_cbd,Tuesday,14:00,passport_renewal,52,medium,0,5,historical_sample
pta_cbd,Tuesday,14:00,passport_new,49,medium,0,5,historical_sample
pta_cbd,Tuesday,14:00,id_application,46,medium,0,5,historical_sample
pta_cbd,Tuesday,14:00,id_replacement,42,low,0,5,historical_sample
pta_cbd,Tuesday,14:00,birth_registration,43,low,0,5,historical_sample
pta_cbd,Tuesday,15:00,passport_new,61,medium,0,5,historical_sample
pta_cbd,Tuesday,15:00,id_replacement,61,medium,0,5,historical_sample
pta_cbd,Tuesday,15:00,birth_registration,58,medium,0,5,historical_sample
sandton,Tuesday,08:00,passport_renewal,54,medium,0,5,historical_sample
sandton,Tuesday,08:00,passport_new,60,medium,0,5,historical_sample
sandton,Tuesday,08:00,id_replacement,59,medium,0,5,historical_sample
sandton,Tuesday,09:00,passport_renewal,50,medium,0,5,historical_sample
sandton,Tuesday,09:00,passport_new,59,medium,0,5,historical_sample
sandton,Tuesday,09:00,id_replacement,57,medium,0,5,historical_sample
sandton,Tuesday,10:00,passport_renewal,49,medium,0,5,historical_sample
sandton,Tuesday,10:00,passport_new,47,medium,0,5,historical_sample
sandton,Tuesday,10:00,id_application,44,low,0,5,historical_sample
sandton,Tuesday,10:00,id_replacement,46,medium,0,5,historical_sample
sandton,Tuesday,10:00,birth_registration,41,low,0,5,historical_sample
sandton,Tuesday,11:00,id_application,39,low,0,5,historical_sample
sandton,Tuesday,11:00,id_replacement,40,low,0,5,historical_sample
sandton,Tuesday,11:00,birth_registration,39,low,0,5,historical_sample
sandton,Tuesday,12:00,passport_renewal,30,low,0,5,historical_sample
sandton,Tuesday,12:00,passport_new,39,low,0,5,historical_sample
sandton,Tuesday,12:00,id_replacement,39,low,0,5,historical_sample
sandton,Tuesday,12:00,birth_registration,27,low,0,5,historical_sample
sandton,Tuesday,13:00,id_application,26,low,0,5,historical_sample
sandton,Tuesday,13:00,birth_registration,24,low,0,5,historical_sample
sandton,Tuesday,14:00,passport_renewal,24,low,0,5,historical_sample
sandton,Tuesday,14:00,passport_new,27,low,0,5,historical_sample
sandton,Tuesday,14:00,id_replacement,29,low,0,5,historical_sample
sandton,Tuesday,15:00,passport_new,39,low,0,5,historical_sample
sandton,Tuesday,15:00,id_application,35,low,0,5,historical_sample
sandton,Tuesday,15:00,id_replacement,39,low,0,5,historical_sample
sandton,Tuesday,15:00,birth_registration,33,low,0,5,historical_sample
jhb_cbd,Wednesday,08:00,passport_renewal,92,high,0,5,historical_sample
jhb_cbd,Wednesday,09:00,passport_renewal,74,medium,0,5,historical_sample
jhb_cbd,Wednesday,09:00,passport_new,96,high,0,5,historical_sample
jhb_cbd,Wednesday,09:00,id_replacement,97,high,0,5,historical_sample
jhb_cbd,Wednesday,09:00,birth_registration,73,medium,0,5,historical_sample
jhb_cbd,Wednesday,10:00,passport_new,77,medium,0,5,historical_sample
jhb_cbd,Wednesday,10:00,id_application,70,medium,0,5,historical_sample
jhb_cbd,Wednesday,10:00,id_replacement,64,medium,0,5,historical_sample
jhb_cbd,Wednesday,10:00,birth_registration,62,medium,0,5,historical_sample
jhb_cbd,Wednesday,11:00,passport_renewal,57,medium,0,5,historical_sample
jhb_cbd,Wednesday,11:00,passport_new,67,medium,0,5,historical_sample
jhb_cbd,Wednesday,11:00,id_application,63,medium,0,5,historical_sample
jhb_cbd,Wednesday,11:00,id_replacement,59,medium,0,5,historical_sample
jhb_cbd,Wednesday,12:00,passport_renewal,51,medium,0,5,historical_sample
jhb_cbd,Wednesday,12:00,birth_registration,40,low,0,5,historical_sample
jhb_cbd,Wednesday,13:00,passport_renewal,54,medium,0,5,historical_sample
jhb_cbd,Wednesday,13:00,passport_new,45,medium,0,5,historical_sample
jhb_cbd,Wednesday,14:00,passport_renewal,33,low,0,5,historical_sample
jhb_cbd,Wednesday,14:00,passport_new,45,medium,0,5,historical_sample
jhb_cbd,Wednesday,14:00,id_application,37,low,0,5,historical_sample
soweto,Wednesday,08:00,passport_renewal,75,medium,0,5,historical_sample
soweto,Wednesday,08:00,passport_new,75,medium,0,5,historical_sample
soweto,Wednesday,08:00,id_application,65,medium,0,5,historical_sample
soweto,Wednesday,08:00,id_replacement,61,medium,0,5,historical_sample
soweto,Wednesday,09:00,id_application,47,medium,0,5,historical_sample
soweto,Wednesday,09:00,birth_registration,50,medium,0,5,historical_sample
soweto,Wednesday,10:00,passport_new,45,medium,0,5,historical_sample
soweto,Wednesday,10:00,id_application,45,medium,0,5,historical_sample
soweto,Wednesday,10:00,birth_registration,37,low,0,5,historical_sample
soweto,Wednesday,11:00,passport_renewal,39,low,0,5,historical_sample
soweto,Wednesday,11:00,passport_new,49,medium,0,5,historical_sample
soweto,Wednesday,11:00,id_replacement,48,medium,0,5,historical_sample
soweto,Wednesday,11:00,birth_registration,39,low,0,5,historical_sample
soweto,Wednesday,12:00,passport_new,45,medium,0,5,historical_sample
soweto,Wednesday,12:00,id_application,34,low,0,5,historical_sample
soweto,Wednesday,13:00,passport_renewal,28,low,0,5,historical_sample
soweto,Wednesday,13:00,passport_new,33,low,0,5,historical_sample
soweto,Wednesday,13:00,id_application,32,low,0,5,historical_sample
soweto,Wednesday,13:00,birth_registration,31,low,0,5,historical_sample
soweto,Wednesday,14:00,passport_renewal,26,low,0,5,historical_sample
soweto,Wednesday,14:00,passport_new,27,low,0,5,historical_sample
soweto,Wednesday,14:00,id_replacement,34,low,0,5,historical_sample
soweto,Wednesday,14:00,birth_registration,24,low,0,5,historical_sample
soweto,Wednesday,15:00,passport_renewal,41,low,0,5,historical_sample
soweto,Wednesday,15:00,birth_registration,29,low,0,5,historical_sample
randburg,Wednesday,08:00,passport_renewal,65,medium,0,5,historical_sample
randburg,Wednesday,08:00,id_application,64,medium,0,5,historical_sample
randburg,Wednesday,08:00,id_replacement,63,medium,0,5,historical_sample
randburg,Wednesday,09:00,passport_new,62,medium,0,5,historical_sample
randburg,Wednesday,09:00,id_replacement,58,medium,0,5,historical_sample
randburg,Wednesday,09:00,birth_registration,48,medium,0,5,historical_sample
randburg,Wednesday,10:00,passport_new,53,medium,0,5,historical_sample
randburg,Wednesday,10:00,id_application,39,low,0,5,historical_sample
randburg,Wednesday,10:00,birth_registration,41,low,0,5,historical_sample
randburg,Wednesday,12:00,passport_renewal,30,low,0,5,historical_sample
randburg,Wednesday,12:00,passport_new,41,low,0,5,historical_sample
randburg,Wednesday,12:00,id_replacement,31,low,0,5,historical_sample
randburg,Wednesday,13:00,passport_renewal,27,low,0,5,historical_sample
randburg,Wednesday,14:00,passport_new,31,low,0,5,historical_sample
randburg,Wednesday,15:00,passport_new,42,low,0,5,historical_sample
randburg,Wednesday,15:00,id_replacement,34,low,0,5,historical_sample
pta_cbd,Wednesday,08:00,passport_renewal,106,high,0,5,historical_sample
pta_cbd,Wednesday,08:00,id_application,86,high,0,5,historical_sample
pta_cbd,Wednesday,08:00,id_replacement,88,high,0,5,historical_sample
pta_cbd,Wednesday,08:00,birth_registration,80,high,0,5,historical_sample
pta_cbd,Wednesday,09:00,passport_new,98,high,0,5,historical_sample
pta_cbd,Wednesday,09:00,id_application,92,high,0,5,historical_sample
pta_cbd,Wednesday,09:00,id_replacement,100,high,0,5,historical_sample
pta_cbd,Wednesday,09:00,birth_registration,66,medium,0,5,historical_sample
pta_cbd,Wednesday,10:00,passport_new,90,high,0,5,historical_sample
pta_cbd,Wednesday,10:00,id_replacement,76,medium,0,5,historical_sample
pta_cbd,Wednesday,10:00,birth_registration,78,medium,0,5,historical_sample
pta_cbd,Wednesday,11:00,id_application,57,medium,0,5,historical_sample
pta_cbd,Wednesday,11:00,id_replacement,75,medium,0,5,historical_sample
pta_cbd,Wednesday,12:00,passport_new,69,medium,0,5,historical_sample
pta_cbd,Wednesday,12:00,id_application,61,medium,0,5,historical_sample
pta_cbd,Wednesday,12:00,id_replacement,54,medium,0,5,historical_sample
pta_cbd,Wednesday,13:00,passport_renewal,54,medium,0,5,historical_sample
pta_cbd,Wednesday,13:00,id_application,53,medium,0,5,historical_sample
pta_cbd,Wednesday,13:00,id_replacement,55,medium,0,5,historical_sample
pta_cbd,Wednesday,13:00,birth_registration,46,medium,0,5,historical_sample
pta_cbd,Wednesday,14:00,passport_new,49,medium,0,5,historical_sample
pta_cbd,Wednesday,14:00,id_application,40,low,0,5,historical_sample
pta_cbd,Wednesday,14:00,birth_registration,43,low,0,5,historical_sample
pta_cbd,Wednesday,15:00,passport_renewal,49,medium,0,5,historical_sample
pta_cbd,Wednesday,15:00,id_replacement,57,medium,0,5,historical_sample
sandton,Wednesday,08:00,passport_renewal,53,medium,0,5,historical_sample
sandton,Wednesday,08:00,passport_new,55,medium,0,5,historical_sample
sandton,Wednesday,08:00,id_application,44,low,0,5,historical_sample
sandton,Wednesday,08:00,birth_registration,44,low,0,5,historical_sample
sandton,Wednesday,09:00,passport_renewal,47,medium,0,5,historical_sample
sandton,Wednesday,09:00,passport_new,51,medium,0,5,historical_sample
sandton,Wednesday,09:00,id_application,43,low,0,5,historical_sample
sandton,Wednesday,09:00,id_replacement,47,medium,0,5,historical_sample
sandton,Wednesday,09:00,birth_registration,38,low,0,5,historical_sample
sandton,Wednesday,10:00,passport_new,42,low,0,5,historical_sample
sandton,Wednesday,10:00,id_replacement,42,low,0,5,historical_sample
sandton,Wednesday,10:00,birth_registration,38,low,0,5,historical_sample
sandton,Wednesday,11:00,passport_renewal,31,low,0,5,historical_sample
sandton,Wednesday,12:00,id_application,30,low,0,5,historical_sample
sandton,Wednesday,12:00,birth_registration,31,low,0,5,historical_sample
sandton,Wednesday,13:00,passport_renewal,28,low,0,5,historical_sample
sandton,Wednesday,13:00,passport_new,32,low,0,5,historical_sample
sandton,Wednesday,13:00,birth_registration,25,low,0,5,historical_sample
sandton,Wednesday,14:00,passport_renewal,23,low,0,5,historical_sample
sandton,Wednesday,14:00,passport_new,27,low,0,5,historical_sample
sandton,Wednesday,14:00,id_application,22,low,0,5,historical_sample
sandton,Wednesday,14:00,id_replacement,22,low,0,5,historical_sample
sandton,Wednesday,14:00,birth_registration,19,low,0,5,historical_sample
sandton,Wednesday,15:00,passport_renewal,32,low,0,5,historical_sample
sandton,Wednesday,15:00,passport_new,39,low,0,5,historical_sample
sandton,Wednesday,15:00,id_application,33,low,0,5,historical_sample
sandton,Wednesday,15:00,id_replacement,37,low,0,5,historical_sample
jhb_cbd,Thursday,08:00,passport_new,99,high,0,5,historical_sample
jhb_cbd,Thursday,08:00,id_replacement,91,high,0,5,historical_sample
jhb_cbd,Thursday,08:00,birth_registration,78,medium,0,5,historical_sample
jhb_cbd,Thursday,09:00,passport_new,71,medium,0,5,historical_sample
jhb_cbd,Thursday,09:00,id_application,79,medium,0,5,historical_sample
jhb_cbd,Thursday,09:00,birth_registration,72,medium,0,5,historical_sample
jhb_cbd,Thursday,10:00,passport_renewal,73,medium,0,5,historical_sample
jhb_cbd,Thursday,10:00,passport_new,70,medium,0,5,historical_sample
jhb_cbd,Thursday,10:00,id_replacement,79,medium,0,5,historical_sample
jhb_cbd,Thursday,11:00,passport_renewal,55,medium,0,5,historical_sample
jhb_cbd,Thursday,11:00,passport_new,66,medium,0,5,historical_sample
jhb_cbd,Thursday,11:00,id_application,61,medium,0,5,historical_sample
jhb_cbd,Thursday,11:00,id_replacement,55,medium,0,5,historical_sample
jhb_cbd,Thursday,11:00,birth_registration,53,medium,0,5,historical_sample
jhb_cbd,Thursday,12:00,id_application,46,medium,0,5,historical_sample
jhb_cbd,Thursday,12:00,id_replacement,45,medium,0,5,historical_sample
jhb_cbd,Thursday,13:00,passport_renewal,38,low,0,5,historical_sample
jhb_cbd,Thursday,13:00,passport_new,49,medium,0,5,historical_sample
jhb_cbd,Thursday,13:00,birth_registration,37,low,0,5,historical_sample
jhb_cbd,Thursday,14:00,passport_new,34,low,0,5,historical_sample
jhb_cbd,Thursday,14:00,id_replacement,34,low,0,5,historical_sample
jhb_cbd,Thursday,14:00,birth_registration,31,low,0,5,historical_sample
jhb_cbd,Thursday,15:00,id_application,46,medium,0,5,historical_sample
jhb_cbd,Thursday,15:00,birth_registration,49,medium,0,5,historical_sample
soweto,Thursday,08:00,id_application,63,medium,0,5,historical_sample
soweto,Thursday,08:00,id_replacement,68,medium,0,5,historical_sample
soweto,Thursday,08:00,birth_registration,58,medium,0,5,historical_sample
soweto,Thursday,09:00,passport_renewal,56,medium,0,5,historical_sample
soweto,Thursday,10:00,passport_renewal,49,medium,0,5,historical_sample
soweto,Thursday,10:00,passport_new,55,medium,0,5,historical_sample
soweto,Thursday,10:00,id_application,42,low,0,5,historical_sample
soweto,Thursday,10:00,id_replacement,50,medium,0,5,historical_sample
soweto,Thursday,11:00,passport_renewal,39,low,0,5,historical_sample
soweto,Thursday,11:00,passport_new,47,medium,0,5,historical_sample
soweto,Thursday,11:00,id_replacement,46,medium,0,5,historical_sample
soweto,Thursday,12:00,passport_new,42,low,0,5,historical_sample
soweto,Thursday,12:00,id_application,38,low,0,5,historical_sample
soweto,Thursday,12:00,birth_registration,31,low,0,5,historical_sample
soweto,Thursday,13:00,passport_renewal,29,low,0,5,historical_sample
soweto,Thursday,13:00,passport_new,32,low,0,5,historical_sample
soweto,Thursday,13:00,id_application,28,low,0,5,historical_sample
soweto,Thursday,13:00,id_replacement,35,low,0,5,historical_sample
soweto,Thursday,13:00,birth_registration,25,low,0,5,historical_sample
soweto,Thursday,14:00,passport_renewal,30,low,0,5,historical_sample
soweto,Thursday,14:00,passport_new,34,low,0,5,historical_sample
soweto,Thursday,14:00,birth_registration,23,low,0,5,historical_sample
soweto,Thursday,15:00,passport_renewal,33,low,0,5,historical_sample
soweto,Thursday,15:00,passport_new,39,low,0,5,historical_sample
soweto,Thursday,15:00,id_replacement,40,low,0,5,historical_sample
soweto,Thursday,15:00,birth_registration,34,low,0,5,historical_sample
randburg,Thursday,08:00,passport_renewal,56,medium,0,5,historical_sample
randburg,Thursday,08:00,id_replacement,58,medium,0,5,historical_sample
randburg,Thursday,08:00,birth_registration,52,medium,0,5,historical_sample
randburg,Thursday,09:00,passport_new,50,medium,0,5,historical_sample
randburg,Thursday,09:00,id_application,41,low,0,5,historical_sample
randburg,Thursday,09:00,id_replacement,57,medium,0,5,historical_sample
randburg,Thursday,10:00,id_replacement,41,low,0,5,historical_sample
randburg,Thursday,11:00,passport_renewal,37,low,0,5,historical_sample
randburg,Thursday,11:00,id_application,31,low,0,5,historical_sample
randburg,Thursday,11:00,birth_registration,29,low,0,5,historical_sample
randburg,Thursday,12:00,passport_renewal,34,low,0,5,historical_sample
randburg,Thursday,12:00,passport_new,36,low,0,5,historical_sample
randburg,Thursday,12:00,id_application,33,low,0,5,historical_sample
randburg,Thursday,12:00,id_replacement,31,low,0,5,historical_sample
randburg,Thursday,13:00,passport_new,32,low,0,5,historical_sample
randburg,Thursday,13:00,id_application,24,low,0,5,historical_sample
randburg,Thursday,14:00,passport_renewal,28,low,0,5,historical_sample
randburg,Thursday,14:00,id_replacement,24,low,0,5,historical_sample
randburg,Thursday,14:00,birth_registration,24,low,0,5,historical_sample
randburg,Thursday,15:00,passport_renewal,30,low,0,5,historical_sample
randburg,Thursday,15:00,id_application,28,low,0,5,historical_sample
randburg,Thursday,15:00,birth_registration,27,low,0,5,historical_sample
pta_cbd,Thursday,08:00,passport_new,112,high,0,5,historical_sample
pta_cbd,Thursday,08:00,birth_registration,73,medium,0,5,historical_sample
pta_cbd,Thursday,09:00,passport_renewal,76,medium,0,5,historical_sample
pta_cbd,Thursday,09:00,passport_new,87,high,0,5,historical_sample
pta_cbd,Thursday,09:00,id_replacement,88,high,0,5,historical_sample
pta_cbd,Thursday,09:00,birth_registration,63,medium,0,5,historical_sample
pta_cbd,Thursday,10:00,id_application,78,medium,0,5,historical_sample
pta_cbd,Thursday,10:00,birth_registration,74,medium,0,5,historical_sample
pta_cbd,Thursday,11:00,passport_renewal,56,medium,0,5,historical_sample
pta_cbd,Thursday,11:00,passport_new,71,medium,0,5,historical_sample
pta_cbd,Thursday,11:00,id_application,63,medium,0,5,historical_sample
pta_cbd,Thursday,11:00,id_replacement,75,medium,0,5,historical_sample
pta_cbd,Thursday,11:00,birth_registration,53,medium,0,5,historical_sample
pta_cbd,Thursday,12:00,passport_renewal,60,medium,0,5,historical_sample
pta_cbd,Thursday,12:00,id_application,51,medium,0,5,historical_sample
pta_cbd,Thursday,12:00,birth_registration,49,medium,0,5,historical_sample
pta_cbd,Thursday,13:00,passport_renewal,51,medium,0,5,historical_sample
pta_cbd,Thursday,13:00,id_application,53,medium,0,5,historical_sample
pta_cbd,Thursday,13:00,birth_registration,49,medium,0,5,historical_sample
pta_cbd,Thursday,14:00,passport_new,47,medium,0,5,historical_sample
pta_cbd,Thursday,14:00,id_application,33,low,0,5,historical_sample
pta_cbd,Thursday,14:00,id_replacement,39,low,0,5,historical_sample
pta_cbd,Thursday,15:00,id_application,52,medium,0,5,historical_sample
pta_cbd,Thursday,15:00,id_replacement,60,medium,0,5,historical_sample
sandton,Thursday,08:00,passport_new,58,medium,0,5,historical_sample
sandton,Thursday,08:00,id_application,53,medium,0,5,historical_sample
sandton,Thursday,08:00,id_replacement,48,medium,0,5,historical_sample
sandton,Thursday,09:00,passport_renewal,42,low,0,5,historical_sample
sandton,Thursday,09:00,id_application,47,medium,0,5,historical_sample
sandton,Thursday,09:00,id_replacement,43,low,0,5,historical_sample
sandton,Thursday,09:00,birth_registration,43,low,0,5,historical_sample
sandton,Thursday,10:00,passport_renewal,36,low,0,5,historical_sample
sandton,Thursday,10:00,id_application,30,low,0,5,historical_sample
sandton,Thursday,10:00,id_replacement,34,low,0,5,historical_sample
sandton,Thursday,11:00,passport_renewal,30,low,0,5,historical_sample
sandton,Thursday,11:00,id_replacement,39,low,0,5,historical_sample
sandton,Thursday,11:00,birth_registration,28,low,0,5,historical_sample
sandton,Thursday,12:00,passport_new,29,low,0,5,historical_sample
sandton,Thursday,12:00,id_application,25,low,0,5,historical_sample
sandton,Thursday,13:00,passport_new,28,low,0,5,historical_sample
sandton,Thursday,13:00,id_replacement,23,low,0,5,historical_sample
sandton,Thursday,13:00,birth_registration,21,low,0,5,historical_sample
sandton,Thursday,14:00,passport_new,24,low,0,5,historical_sample
sandton,Thursday,14:00,id_application,23,low,0,5,historical_sample
sandton,Thursday,14:00,id_replacement,25,low,0,5,historical_sample
sandton,Thursday,15:00,passport_renewal,34,low,0,5,historical_sample
sandton,Thursday,15:00,passport_new,39,low,0,5,historical_sample
sandton,Thursday,15:00,id_application,26,low,0,5,historical_sample
sandton,Thursday,15:00,id_replacement,30,low,0,5,historical_sample
sandton,Thursday,15:00,birth_registration,27,low,0,5,historical_sample
jhb_cbd,Friday,08:00,passport_renewal,117,high,0,5,historical_sample
jhb_cbd,Friday,08:00,id_replacement,107,high,0,5,historical_sample
jhb_cbd,Friday,09:00,passport_new,119,high,0,5,historical_sample
jhb_cbd,Friday,09:00,id_application,109,high,0,5,historical_sample
jhb_cbd,Friday,09:00,id_replacement,122,high,0,5,historical_sample
jhb_cbd,Friday,09:00,birth_registration,91,high,0,5,historical_sample
jhb_cbd,Friday,10:00,passport_renewal,92,high,0,5,historical_sample
jhb_cbd,Friday,10:00,passport_new,85,high,0,5,historical_sample
jhb_cbd,Friday,10:00,id_application,82,high,0,5,historical_sample
jhb_cbd,Friday,10:00,id_replacement,85,high,0,5,historical_sample
jhb_cbd,Friday,10:00,birth_registration,75,medium,0,5,historical_sample
jhb_cbd,Friday,11:00,passport_renewal,83,high,0,5,historical_sample
jhb_cbd,Friday,11:00,passport_new,85,high,0,5,historical_sample
jhb_cbd,Friday,11:00,id_application,78,medium,0,5,historical_sample
jhb_cbd,Friday,11:00,id_replacement,92,high,0,5,historical_sample
jhb_cbd,Friday,11:00,birth_registration,64,medium,0,5,historical_sample
jhb_cbd,Friday,12:00,passport_new,75,medium,0,5,historical_sample
jhb_cbd,Friday,12:00,id_application,66,medium,0,5,historical_sample
jhb_cbd,Friday,12:00,id_replacement,64,medium,0,5,historical_sample
jhb_cbd,Friday,12:00,birth_registration,62,medium,0,5,historical_sample
jhb_cbd,Friday,13:00,passport_new,74,medium,0,5,historical_sample
jhb_cbd,Friday,13:00,id_application,48,medium,0,5,historical_sample
jhb_cbd,Friday,13:00,id_replacement,65,medium,0,5,historical_sample
jhb_cbd,Friday,13:00,birth_registration,52,medium,0,5,historical_sample
jhb_cbd,Friday,14:00,passport_renewal,53,medium,0,5,historical_sample
jhb_cbd,Friday,14:00,passport_new,47,medium,0,5,historical_sample
jhb_cbd,Friday,14:00,id_application,50,medium,0,5,historical_sample
jhb_cbd,Friday,15:00,passport_renewal,69,medium,0,5,historical_sample
jhb_cbd,Friday,15:00,passport_new,68,medium,0,5,historical_sample
jhb_cbd,Friday,15:00,id_application,69,medium,0,5,historical_sample
jhb_cbd,Friday,15:00,id_replacement,60,medium,0,5,historical_sample
jhb_cbd,Friday,15:00,birth_registration,64,medium,0,5,historical_sample
soweto,Friday,08:00,id_application,90,high,0,5,historical_sample
soweto,Friday,08:00,id_replacement,83,high,0,5,historical_sample
soweto,Friday,08:00,birth_registration,82,high,0,5,historical_sample
soweto,Friday,09:00,id_application,68,medium,0,5,historical_sample
soweto,Friday,09:00,id_replacement,80,high,0,5,historical_sample
soweto,Friday,10:00,passport_renewal,63,medium,0,5,historical_sample
soweto,Friday,10:00,id_replacement,62,medium,0,5,historical_sample
soweto,Friday,10:00,birth_registration,48,medium,0,5,historical_sample
soweto,Friday,11:00,id_application,47,medium,0,5,historical_sample
soweto,Friday,11:00,id_replacement,55,medium,0,5,historical_sample
soweto,Friday,11:00,birth_registration,50,medium,0,5,historical_sample
soweto,Friday,12:00,passport_renewal,43,low,0,5,historical_sample
soweto,Friday,12:00,id_application,42,low,0,5,historical_sample
soweto,Friday,12:00,birth_registration,42,low,0,5,historical_sample
soweto,Friday,13:00,passport_renewal,36,low,0,5,historical_sample
soweto,Friday,13:00,id_application,34,low,0,5,historical_sample
soweto,Friday,13:00,id_replacement,50,medium,0,5,historical_sample
soweto,Friday,14:00,passport_renewal,30,low,0,5,historical_sample
soweto,Friday,14:00,passport_new,45,medium,0,5,historical_sample
soweto,Friday,14:00,id_application,38,low,0,5,historical_sample
soweto,Friday,14:00,id_replacement,35,low,0,5,historical_sample
soweto,Friday,14:00,birth_registration,31,low,0,5,historical_sample
soweto,Friday,15:00,passport_renewal,55,medium,0,5,historical_sample
soweto,Friday,15:00,passport_new,59,medium,0,5,historical_sample
soweto,Friday,15:00,id_application,43,low,0,5,historical_sample
soweto,Friday,15:00,birth_registration,41,low,0,5,historical_sample
randburg,Friday,08:00,passport_new,90,high,0,5,historical_sample
randburg,Friday,08:00,id_application,82,high,0,5,historical_sample
randburg,Friday,08:00,birth_registration,77,medium,0,5,historical_sample
randburg,Friday,09:00,passport_new,79,medium,0,5,historical_sample
randburg,Friday,09:00,id_application,64,medium,0,5,historical_sample
randburg,Friday,09:00,id_replacement,68,medium,0,5,historical_sample
randburg,Friday,09:00,birth_registration,53,medium,0,5,historical_sample
randburg,Friday,10:00,passport_renewal,61,medium,0,5,historical_sample
randburg,Friday,10:00,passport_new,50,medium,0,5,historical_sample
randburg,Friday,10:00,id_application,44,low,0,5,historical_sample
randburg,Friday,10:00,id_replacement,53,medium,0,5,historical_sample
randburg,Friday,10:00,birth_registration,50,medium,0,5,historical_sample
randburg,Friday,11:00,passport_renewal,49,medium,0,5,historical_sample
randburg,Friday,11:00,id_application,51,medium,0,5,historical_sample
randburg,Friday,11:00,id_replacement,57,medium,0,5,historical_sample
randburg,Friday,11:00,birth_registration,48,medium,0,5,historical_sample
randburg,Friday,12:00,passport_renewal,39,low,0,5,historical_sample
randburg,Friday,12:00,id_replacement,45,medium,0,5,historical_sample
randburg,Friday,12:00,birth_registration,37,low,0,5,historical_sample
randburg,Friday,13:00,passport_new,37,low,0,5,historical_sample
randburg,Friday,13:00,id_application,34,low,0,5,historical_sample
randburg,Friday,13:00,id_replacement,34,low,0,5,historical_sample
randburg,Friday,13:00,birth_registration,28,low,0,5,historical_sample
randburg,Friday,14:00,passport_renewal,30,low,0,5,historical_sample
randburg,Friday,14:00,id_application,33,low,0,5,historical_sample
randburg,Friday,14:00,birth_registration,32,low,0,5,historical_sample
randburg,Friday,15:00,passport_new,56,medium,0,5,historical_sample
randburg,Friday,15:00,id_application,39,low,0,5,historical_sample
randburg,Friday,15:00,birth_registration,45,medium,0,5,historical_sample
pta_cbd,Friday,08:00,id_application,121,high,0,5,historical_sample
pta_cbd,Friday,08:00,birth_registration,120,high,0,5,historical_sample
pta_cbd,Friday,09:00,passport_renewal,116,high,0,5,historical_sample
pta_cbd,Friday,09:00,passport_new,123,high,0,5,historical_sample
pta_cbd,Friday,09:00,id_application,109,high,0,5,historical_sample
pta_cbd,Friday,09:00,id_replacement,109,high,0,5,historical_sample
pta_cbd,Friday,09:00,birth_registration,99,high,0,5,historical_sample
pta_cbd,Friday,10:00,passport_renewal,104,high,0,5,historical_sample
pta_cbd,Friday,11:00,passport_renewal,95,high,0,5,historical_sample
pta_cbd,Friday,11:00,passport_new,81,high,0,5,historical_sample
pta_cbd,Friday,11:00,id_application,88,high,0,5,historical_sample
pta_cbd,Friday,11:00,id_replacement,90,high,0,5,historical_sample
pta_cbd,Friday,12:00,passport_new,87,high,0,5,historical_sample
pta_cbd,Friday,12:00,id_application,64,medium,0,5,historical_sample
pta_cbd,Friday,12:00,id_replacement,79,medium,0,5,historical_sample
pta_cbd,Friday,12:00,birth_registration,65,medium,0,5,historical_sample
pta_cbd,Friday,13:00,passport_renewal,60,medium,0,5,historical_sample
pta_cbd,Friday,13:00,passport_new,73,medium,0,5,historical_sample
pta_cbd,Friday,13:00,id_application,56,medium,0,5,historical_sample
pta_cbd,Friday,13:00,id_replacement,76,medium,0,5,historical_sample
pta_cbd,Friday,13:00,birth_registration,58,medium,0,5,historical_sample
pta_cbd,Friday,14:00,passport_renewal,48,medium,0,5,historical_sample
pta_cbd,Friday,14:00,passport_new,64,medium,0,5,historical_sample
pta_cbd,Friday,14:00,id_application,52,medium,0,5,historical_sample
pta_cbd,Friday,14:00,birth_registration,43,low,0,5,historical_sample
pta_cbd,Friday,15:00,passport_renewal,76,medium,0,5,historical_sample
pta_cbd,Friday,15:00,passport_new,87,high,0,5,historical_sample
pta_cbd,Friday,15:00,id_application,72,medium,0,5,historical_sample
pta_cbd,Friday,15:00,id_replacement,86,high,0,5,historical_sample
sandton,Friday,08:00,passport_renewal,60,medium,0,5,historical_sample
sandton,Friday,08:00,passport_new,79,medium,0,5,historical_sample
sandton,Friday,08:00,id_application,54,medium,0,5,historical_sample
sandton,Friday,08:00,id_replacement,62,medium,0,5,historical_sample
sandton,Friday,08:00,birth_registration,57,medium,0,5,historical_sample
sandton,Friday,09:00,passport_renewal,62,medium,0,5,historical_sample
sandton,Friday,09:00,passport_new,75,medium,0,5,historical_sample
sandton,Friday,09:00,id_application,54,medium,0,5,historical_sample
sandton,Friday,09:00,id_replacement,72,medium,0,5,historical_sample
sandton,Friday,09:00,birth_registration,52,medium,0,5,historical_sample
sandton,Friday,10:00,passport_renewal,47,medium,0,5,historical_sample
sandton,Friday,10:00,passport_new,50,medium,0,5,historical_sample
sandton,Friday,10:00,id_application,46,medium,0,5,historical_sample
sandton,Friday,10:00,birth_registration,46,medium,0,5,historical_sample
sandton,Friday,11:00,passport_renewal,50,medium,0,5,historical_sample
sandton,Friday,11:00,passport_new,49,medium,0,5,historical_sample
sandton,Friday,11:00,birth_registration,38,low,0,5,historical_sample
sandton,Friday,12:00,id_application,39,low,0,5,historical_sample
sandton,Friday,12:00,birth_registration,35,low,0,5,historical_sample
sandton,Friday,13:00,passport_renewal,38,low,0,5,historical_sample
sandton,Friday,13:00,id_application,31,low,0,5,historical_sample
sandton,Friday,13:00,id_replacement,39,low,0,5,historical_sample
sandton,Friday,14:00,passport_renewal,27,low,0,5,historical_sample
sandton,Friday,14:00,id_application,29,low,0,5,historical_sample
sandton,Friday,14:00,id_replacement,35,low,0,5,historical_sample
sandton,Friday,14:00,birth_registration,26,low,0,5,historical_sample
sandton,Friday,15:00,id_application,42,low,0,5,historical_sample
sandton,Friday,15:00,id_replacement,46,medium,0,5,historical_sample
sandton,Friday,15:00,birth_registration,39,low,0,5,historical_sample
jhb_cbd,Monday,08:00,passport_renewal,124,high,0,6,historical_sample
jhb_cbd,Monday,08:00,passport_new,144,high,0,6,historical_sample
jhb_cbd,Monday,08:00,id_application,105,high,0,6,historical_sample
jhb_cbd,Monday,08:00,id_replacement,119,high,0,6,historical_sample
jhb_cbd,Monday,09:00,passport_new,122,high,0,6,historical_sample
jhb_cbd,Monday,09:00,id_application,86,high,0,6,historical_sample
jhb_cbd,Monday,09:00,id_replacement,113,high,0,6,historical_sample
jhb_cbd,Monday,10:00,passport_renewal,102,high,0,6,historical_sample
jhb_cbd,Monday,10:00,id_application,92,high,0,6,historical_sample
jhb_cbd,Monday,10:00,id_replacement,100,high,0,6,historical_sample
jhb_cbd,Monday,11:00,passport_new,97,high,0,6,historical_sample
jhb_cbd,Monday,11:00,id_replacement,73,medium,0,6,historical_sample
jhb_cbd,Monday,11:00,birth_registration,73,medium,0,6,historical_sample
jhb_cbd,Monday,12:00,passport_renewal,68,medium,0,6,historical_sample
jhb_cbd,Monday,12:00,passport_new,77,medium,0,6,historical_sample
jhb_cbd,Monday,12:00,id_application,70,medium,0,6,historical_sample
jhb_cbd,Monday,12:00,birth_registration,70,medium,0,6,historical_sample
jhb_cbd,Monday,13:00,passport_renewal,56,medium,0,6,historical_sample
jhb_cbd,Monday,13:00,passport_new,62,medium,0,6,historical_sample
jhb_cbd,Monday,13:00,id_application,64,medium,0,6,historical_sample
jhb_cbd,Monday,14:00,id_application,52,medium,0,6,historical_sample
jhb_cbd,Monday,14:00,birth_registration,45,medium,0,6,historical_sample
jhb_cbd,Monday,15:00,passport_renewal,69,medium,0,6,historical_sample
jhb_cbd,Monday,15:00,passport_new,85,high,0,6,historical_sample
jhb_cbd,Monday,15:00,birth_registration,62,medium,0,6,historical_sample
soweto,Monday,08:00,passport_renewal,91,high,0,6,historical_sample
soweto,Monday,08:00,passport_new,98,high,0,6,historical_sample
soweto,Monday,08:00,id_application,83,high,0,6,historical_sample
soweto,Monday,08:00,id_replacement,87,high,0,6,historical_sample
soweto,Monday,08:00,birth_registration,71,medium,0,6,historical_sample
soweto,Monday,09:00,passport_new,75,medium,0,6,historical_sample
soweto,Monday,09:00,birth_registration,76,medium,0,6,historical_sample
soweto,Monday,10:00,passport_renewal,57,medium,0,6,historical_sample
soweto,Monday,10:00,passport_new,61,medium,0,6,historical_sample
soweto,Monday,10:00,id_application,51,medium,0,6,historical_sample
soweto,Monday,10:00,birth_registration,63,medium,0,6,historical_sample
soweto,Monday,11:00,passport_renewal,49,medium,0,6,historical_sample
soweto,Monday,11:00,id_application,56,medium,0,6,historical_sample
soweto,Monday,11:00,id_replacement,51,medium,0,6,historical_sample
soweto,Monday,11:00,birth_registration,58,medium,0,6,historical_sample
soweto,Monday,12:00,passport_renewal,45,medium,0,6,historical_sample
soweto,Monday,12:00,passport_new,57,medium,0,6,historical_sample
soweto,Monday,12:00,id_application,48,medium,0,6,historical_sample
soweto,Monday,12:00,id_replacement,47,medium,0,6,historical_sample
soweto,Monday,12:00,birth_registration,44,low,0,6,historical_sample
soweto,Monday,13:00,passport_new,42,low,0,6,historical_sample
soweto,Monday,13:00,birth_registration,34,low,0,6,historical_sample
soweto,Monday,14:00,passport_renewal,35,low,0,6,historical_sample
soweto,Monday,14:00,id_replacement,36,low,0,6,historical_sample
soweto,Monday,15:00,passport_renewal,57,medium,0,6,historical_sample
soweto,Monday,15:00,passport_new,48,medium,0,6,historical_sample
soweto,Monday,15:00,id_application,42,low,0,6,historical_sample
soweto,Monday,15:00,id_replacement,49,medium,0,6,historical_sample
soweto,Monday,15:00,birth_registration,44,low,0,6,historical_sample
randburg,Monday,08:00,passport_renewal,86,high,0,6,historical_sample
randburg,Monday,08:00,passport_new,90,high,0,6,historical_sample
randburg,Monday,08:00,id_application,86,high,0,6,historical_sample
randburg,Monday,08:00,birth_registration,70,medium,0,6,historical_sample
randburg,Monday,09:00,passport_new,86,high,0,6,historical_sample
randburg,Monday,09:00,id_application,67,medium,0,6,historical_sample
randburg,Monday,09:00,id_replacement,71,medium,0,6,historical_sample
randburg,Monday,10:00,passport_new,55,medium,0,6,historical_sample
randburg,Monday,10:00,id_replacement,63,medium,0,6,historical_sample
randburg,Monday,11:00,passport_renewal,57,medium,0,6,historical_sample
randburg,Monday,11:00,passport_new,50,medium,0,6,historical_sample
randburg,Monday,11:00,id_application,50,medium,0,6,historical_sample
randburg,Monday,11:00,birth_registration,49,medium,0,6,historical_sample
randburg,Monday,12:00,passport_renewal,40,low,0,6,historical_sample
randburg,Monday,12:00,passport_new,54,medium,0,6,historical_sample
randburg,Monday,12:00,id_application,45,medium,0,6,historical_sample
randburg,Monday,12:00,birth_registration,44,low,0,6,historical_sample
randburg,Monday,13:00,passport_renewal,35,low,0,6,historical_sample
randburg,Monday,13:00,id_replacement,44,low,0,6,historical_sample
randburg,Monday,14:00,passport_new,39,low,0,6,historical_sample
randburg,Monday,14:00,id_application,36,low,0,6,historical_sample
randburg,Monday,14:00,id_replacement,35,low,0,6,historical_sample
randburg,Monday,14:00,birth_registration,33,low,0,6,historical_sample
randburg,Monday,15:00,passport_renewal,47,medium,0,6,historical_sample
randburg,Monday,15:00,passport_new,58,medium,0,6,historical_sample
randburg,Monday,15:00,id_application,43,low,0,6,historical_sample
randburg,Monday,15:00,id_replacement,56,medium,0,6,historical_sample
randburg,Monday,15:00,birth_registration,45,medium,0,6,historical_sample
pta_cbd,Monday,08:00,passport_renewal,134,high,0,6,historical_sample
pta_cbd,Monday,08:00,id_application,134,high,0,6,historical_sample
pta_cbd,Monday,08:00,id_replacement,146,high,0,6,historical_sample
pta_cbd,Monday,08:00,birth_registration,116,high,0,6,historical_sample
pta_cbd,Monday,09:00,passport_renewal,128,high,0,6,historical_sample
pta_cbd,Monday,09:00,passport_new,137,high,0,6,historical_sample
pta_cbd,Monday,09:00,id_application,98,high,0,6,historical_sample
pta_cbd,Monday,09:00,birth_registration,101,high,0,6,historical_sample
pta_cbd,Monday,10:00,passport_renewal,97,high,0,6,historical_sample
pta_cbd,Monday,10:00,passport_new,105,high,0,6,historical_sample
pta_cbd,Monday,10:00,id_replacement,97,high,0,6,historical_sample
pta_cbd,Monday,10:00,birth_registration,97,high,0,6,historical_sample
pta_cbd,Monday,11:00,birth_registration,80,high,0,6,historical_sample
pta_cbd,Monday,12:00,id_application,74,medium,0,6,historical_sample
pta_cbd,Monday,12:00,id_replacement,67,medium,0,6,historical_sample
pta_cbd,Monday,12:00,birth_registration,69,medium,0,6,historical_sample
pta_cbd,Monday,13:00,passport_renewal,65,medium,0,6,historical_sample
pta_cbd,Monday,13:00,passport_new,71,medium,0,6,historical_sample
pta_cbd,Monday,13:00,id_application,55,medium,0,6,historical_sample
pta_cbd,Monday,13:00,id_replacement,65,medium,0,6,historical_sample
pta_cbd,Monday,13:00,birth_registration,54,medium,0,6,historical_sample
pta_cbd,Monday,14:00,passport_renewal,49,medium,0,6,historical_sample
pta_cbd,Monday,14:00,passport_new,55,medium,0,6,historical_sample
pta_cbd,Monday,14:00,id_replacement,52,medium,0,6,historical_sample
pta_cbd,Monday,14:00,birth_registration,46,medium,0,6,historical_sample
pta_cbd,Monday,15:00,passport_renewal,70,medium,0,6,historical_sample
pta_cbd,Monday,15:00,passport_new,74,medium,0,6,historical_sample
pta_cbd,Monday,15:00,id_application,62,medium,0,6,historical_sample
pta_cbd,Monday,15:00,id_replacement,86,high,0,6,historical_sample
sandton,Monday,08:00,passport_renewal,67,medium,0,6,historical_sample
sandton,Monday,08:00,passport_new,84,high,0,6,historical_sample
sandton,Monday,09:00,passport_renewal,67,medium,0,6,historical_sample
sandton,Monday,09:00,passport_new,61,medium,0,6,historical_sample
sandton,Monday,09:00,id_replacement,68,medium,0,6,historical_sample
sandton,Monday,10:00,passport_renewal,53,medium,0,6,historical_sample
sandton,Monday,10:00,passport_new,61,medium,0,6,historical_sample
sandton,Monday,10:00,id_replacement,61,medium,0,6,historical_sample
sandton,Monday,10:00,birth_registration,53,medium,0,6,historical_sample
sandton,Monday,11:00,passport_renewal,45,medium,0,6,historical_sample
sandton,Monday,12:00,passport_renewal,43,low,0,6,historical_sample
sandton,Monday,12:00,id_application,36,low,0,6,historical_sample
sandton,Monday,12:00,id_replacement,44,low,0,6,historical_sample
sandton,Monday,12:00,birth_registration,33,low,0,6,historical_sample
sandton,Monday,13:00,passport_renewal,37,low,0,6,historical_sample
sandton,Monday,13:00,id_replacement,33,low,0,6,historical_sample
sandton,Monday,13:00,birth_registration,34,low,0,6,historical_sample
sandton,Monday,14:00,passport_renewal,28,low,0,6,historical_sample
sandton,Monday,14:00,passport_new,31,low,0,6,historical_sample
sandton,Monday,14:00,id_application,32,low,0,6,historical_sample
sandton,Monday,14:00,id_replacement,32,low,0,6,historical_sample
sandton,Monday,15:00,passport_renewal,44,low,0,6,historical_sample
sandton,Monday,15:00,passport_new,44,low,0,6,historical_sample
sandton,Monday,15:00,birth_registration,44,low,0,6,historical_sample
jhb_cbd,Tuesday,08:00,passport_renewal,103,high,0,6,historical_sample
jhb_cbd,Tuesday,08:00,id_replacement,98,high,0,6,historical_sample
jhb_cbd,Tuesday,08:00,birth_registration,82,high,0,6,historical_sample
jhb_cbd,Tuesday,09:00,passport_new,98,high,0,6,historical_sample
jhb_cbd,Tuesday,09:00,id_application,79,medium,0,6,historical_sample
jhb_cbd,Tuesday,10:00,passport_renewal,76,medium,0,6,historical_sample
jhb_cbd,Tuesday,11:00,passport_renewal,62,medium,0,6,historical_sample
jhb_cbd,Tuesday,11:00,passport_new,84,high,0,6,historical_sample
jhb_cbd,Tuesday,11:00,birth_registration,58,medium,0,6,historical_sample
jhb_cbd,Tuesday,12:00,id_replacement,67,medium,0,6,historical_sample
jhb_cbd,Tuesday,13:00,passport_renewal,50,medium,0,6,historical_sample
jhb_cbd,Tuesday,13:00,passport_new,58,medium,0,6,historical_sample
jhb_cbd,Tuesday,13:00,id_application,52,medium,0,6,historical_sample
jhb_cbd,Tuesday,13:00,birth_registration,52,medium,0,6,historical_sample
jhb_cbd,Tuesday,14:00,passport_new,40,low,0,6,historical_sample
jhb_cbd,Tuesday,14:00,id_application,44,low,0,6,historical_sample
jhb_cbd,Tuesday,14:00,id_replacement,40,low,0,6,historical_sample
jhb_cbd,Tuesday,14:00,birth_registration,42,low,0,6,historical_sample
jhb_cbd,Tuesday,15:00,passport_new,60,medium,0,6,historical_sample
jhb_cbd,Tuesday,15:00,id_application,62,medium,0,6,historical_sample
jhb_cbd,Tuesday,15:00,birth_registration,44,low,0,6,historical_sample
soweto,Tuesday,08:00,passport_new,74,medium,0,6,historical_sample
soweto,Tuesday,08:00,id_application,77,medium,0,6,historical_sample
soweto,Tuesday,08:00,id_replacement,88,high,0,6,historical_sample
soweto,Tuesday,08:00,birth_registration,65,medium,0,6,historical_sample
soweto,Tuesday,09:00,passport_renewal,70,medium,0,6,historical_sample
soweto,Tuesday,09:00,id_application,67,medium,0,6,historical_sample
soweto,Tuesday,09:00,id_replacement,56,medium,0,6,historical_sample
soweto,Tuesday,09:00,birth_registration,60,medium,0,6,historical_sample
soweto,Tuesday,10:00,id_application,54,medium,0,6,historical_sample
soweto,Tuesday,10:00,id_replacement,59,medium,0,6,historical_sample
soweto,Tuesday,10:00,birth_registration,49,medium,0,6,historical_sample
soweto,Tuesday,11:00,passport_renewal,53,medium,0,6,historical_sample
soweto,Tuesday,11:00,id_application,43,low,0,6,historical_sample
soweto,Tuesday,11:00,id_replacement,48,medium,0,6,historical_sample
soweto,Tuesday,12:00,id_replacement,49,medium,0,6,historical_sample
soweto,Tuesday,12:00,birth_registration,37,low,0,6,historical_sample
soweto,Tuesday,13:00,passport_renewal,37,low,0,6,historical_sample
soweto,Tuesday,13:00,id_replacement,39,low,0,6,historical_sample
soweto,Tuesday,14:00,birth_registration,31,low,0,6,historical_sample
soweto,Tuesday,15:00,passport_new,48,medium,0,6,historical_sample
soweto,Tuesday,15:00,id_replacement,44,low,0,6,historical_sample
randburg,Tuesday,08:00,passport_new,72,medium,0,6,historical_sample
randburg,Tuesday,08:00,id_replacement,72,medium,0,6,historical_sample
randburg,Tuesday,08:00,birth_registration,59,medium,0,6,historical_sample
randburg,Tuesday,09:00,passport_renewal,54,medium,0,6,historical_sample
randburg,Tuesday,09:00,id_application,60,medium,0,6,historical_sample
randburg,Tuesday,09:00,birth_registration,46,medium,0,6,historical_sample
randburg,Tuesday,10:00,passport_renewal,47,medium,0,6,historical_sample
randburg,Tuesday,10:00,passport_new,56,medium,0,6,historical_sample
randburg,Tuesday,10:00,id_application,39,low,0,6,historical_sample
randburg,Tuesday,10:00,id_replacement,47,medium,0,6,historical_sample
randburg,Tuesday,10:00,birth_registration,47,medium,0,6,historical_sample
randburg,Tuesday,11:00,passport_renewal,42,low,0,6,historical_sample
randburg,Tuesday,11:00,passport_new,42,low,0,6,historical_sample
randburg,Tuesday,11:00,id_replacement,48,medium,0,6,historical_sample
randburg,Tuesday,11:00,birth_registration,33,low,0,6,historical_sample
randburg,Tuesday,12:00,passport_new,38,low,0,6,historical_sample
randburg,Tuesday,12:00,id_application,30,low,0,6,historical_sample
randburg,Tuesday,13:00,passport_renewal,28,low,0,6,historical_sample
randburg,Tuesday,13:00,passport_new,37,low,0,6,historical_sample
randburg,Tuesday,13:00,id_application,25,low,0,6,historical_sample
randburg,Tuesday,14:00,passport_renewal,30,low,0,6,historical_sample
randburg,Tuesday,14:00,birth_registration,30,low,0,6,historical_sample
randburg,Tuesday,15:00,passport_new,46,medium,0,6,historical_sample
randburg,Tuesday,15:00,id_application,39,low,0,6,historical_sample
randburg,Tuesday,15:00,id_replacement,35,low,0,6,historical_sample
randburg,Tuesday,15:00,birth_registration,38,low,0,6,historical_sample
pta_cbd,Tuesday,08:00,passport_renewal,90,high,0,6,historical_sample
pta_cbd,Tuesday,08:00,birth_registration,80,high,0,6,historical_sample
pta_cbd,Tuesday,09:00,passport_renewal,107,high,0,6,historical_sample
pta_cbd,Tuesday,09:00,id_application,85,high,0,6,historical_sample
pta_cbd,Tuesday,09:00,id_replacement,90,high,0,6,historical_sample
pta_cbd,Tuesday,09:00,birth_registration,86,high,0,6,historical_sample
pta_cbd,Tuesday,10:00,passport_renewal,75,medium,0,6,historical_sample
pta_cbd,Tuesday,10:00,birth_registration,78,medium,0,6,historical_sample
pta_cbd,Tuesday,11:00,passport_new,71,medium,0,6,historical_sample
pta_cbd,Tuesday,11:00,id_replacement,84,high,0,6,historical_sample
pta_cbd,Tuesday,12:00,passport_renewal,54,medium,0,6,historical_sample
pta_cbd,Tuesday,12:00,passport_new,61,medium,0,6,historical_sample
pta_cbd,Tuesday,12:00,id_application,54,medium,0,6,historical_sample
pta_cbd,Tuesday,12:00,id_replacement,63,medium,0,6,historical_sample
pta_cbd,Tuesday,12:00,birth_registration,62,medium,0,6,historical_sample
pta_cbd,Tuesday,13:00,birth_registration,49,medium,0,6,historical_sample
pta_cbd,Tuesday,14:00,passport_renewal,41,low,0,6,historical_sample
pta_cbd,Tuesday,14:00,passport_new,58,medium,0,6,historical_sample
pta_cbd,Tuesday,14:00,id_application,46,medium,0,6,historical_sample
pta_cbd,Tuesday,14:00,birth_registration,43,low,0,6,historical_sample
pta_cbd,Tuesday,15:00,passport_renewal,56,medium,0,6,historical_sample
pta_cbd,Tuesday,15:00,passport_new,65,medium,0,6,historical_sample
pta_cbd,Tuesday,15:00,id_application,57,medium,0,6,historical_sample
pta_cbd,Tuesday,15:00,birth_registration,59,medium,0,6,historical_sample
sandton,Tuesday,08:00,passport_renewal,63,medium,0,6,historical_sample
sandton,Tuesday,08:00,passport_new,55,medium,0,6,historical_sample
sandton,Tuesday,08:00,id_replacement,54,medium,0,6,historical_sample
sandton,Tuesday,08:00,birth_registration,49,medium,0,6,historical_sample
sandton,Tuesday,09:00,passport_renewal,55,medium,0,6,historical_sample
sandton,Tuesday,09:00,passport_new,57,medium,0,6,historical_sample
sandton,Tuesday,09:00,id_replacement,62,medium,0,6,historical_sample
sandton,Tuesday,10:00,passport_new,43,low,0,6,historical_sample
sandton,Tuesday,10:00,id_application,39,low,0,6,historical_sample
sandton,Tuesday,10:00,id_replacement,48,medium,0,6,historical_sample
sandton,Tuesday,10:00,birth_registration,43,low,0,6,historical_sample
sandton,Tuesday,11:00,passport_new,45,medium,0,6,historical_sample
sandton,Tuesday,11:00,id_replacement,41,low,0,6,historical_sample
sandton,Tuesday,11:00,birth_registration,36,low,0,6,historical_sample
sandton,Tuesday,12:00,passport_renewal,32,low,0,6,historical_sample
sandton,Tuesday,12:00,passport_new,36,low,0,6,historical_sample
sandton,Tuesday,12:00,id_application,33,low,0,6,historical_sample
sandton,Tuesday,12:00,id_replacement,37,low,0,6,historical_sample
sandton,Tuesday,13:00,passport_new,27,low,0,6,historical_sample
sandton,Tuesday,13:00,id_application,31,low,0,6,historical_sample
sandton,Tuesday,13:00,id_replacement,26,low,0,6,historical_sample
sandton,Tuesday,14:00,passport_renewal,29,low,0,6,historical_sample
sandton,Tuesday,14:00,passport_new,27,low,0,6,historical_sample
sandton,Tuesday,14:00,id_replacement,31,low,0,6,historical_sample
sandton,Tuesday,14:00,birth_registration,21,low,0,6,historical_sample
sandton,Tuesday,15:00,passport_renewal,31,low,0,6,historical_sample
sandton,Tuesday,15:00,id_application,37,low,0,6,historical_sample
sandton,Tuesday,15:00,id_replacement,33,low,0,6,historical_sample
sandton,Tuesday,15:00,birth_registration,31,low,0,6,historical_sample
jhb_cbd,Wednesday,08:00,passport_renewal,94,high,0,6,historical_sample
jhb_cbd,Wednesday,08:00,id_application,95,high,0,6,historical_sample
jhb_cbd,Wednesday,08:00,birth_registration,70,medium,0,6,historical_sample
jhb_cbd,Wednesday,09:00,passport_new,97,high,0,6,historical_sample
jhb_cbd,Wednesday,09:00,birth_registration,78,medium,0,6,historical_sample
jhb_cbd,Wednesday,10:00,passport_renewal,66,medium,0,6,historical_sample
jhb_cbd,Wednesday,10:00,passport_new,74,medium,0,6,historical_sample
jhb_cbd,Wednesday,10:00,id_application,71,medium,0,6,historical_sample
jhb_cbd,Wednesday,11:00,passport_renewal,53,medium,0,6,historical_sample
jhb_cbd,Wednesday,11:00,passport_new,67,medium,0,6,historical_sample
jhb_cbd,Wednesday,11:00,id_replacement,68,medium,0,6,historical_sample
jhb_cbd,Wednesday,11:00,birth_registration,56,medium,0,6,historical_sample
jhb_cbd,Wednesday,12:00,passport_renewal,58,medium,0,6,historical_sample
jhb_cbd,Wednesday,12:00,passport_new,61,medium,0,6,historical_sample
jhb_cbd,Wednesday,12:00,id_application,44,low,0,6,historical_sample
jhb_cbd,Wednesday,12:00,id_replacement,55,medium,0,6,historical_sample
jhb_cbd,Wednesday,12:00,birth_registration,41,low,0,6,historical_sample
jhb_cbd,Wednesday,13:00,passport_new,47,medium,0,6,historical_sample
jhb_cbd,Wednesday,13:00,id_replacement,50,medium,0,6,historical_sample
jhb_cbd,Wednesday,13:00,birth_registration,46,medium,0,6,historical_sample
jhb_cbd,Wednesday,14:00,passport_renewal,35,low,0,6,historical_sample
jhb_cbd,Wednesday,14:00,passport_new,45,medium,0,6,historical_sample
jhb_cbd,Wednesday,14:00,id_replacement,41,low,0,6,historical_sample
jhb_cbd,Wednesday,15:00,id_application,54,medium,0,6,historical_sample
soweto,Wednesday,08:00,passport_renewal,57,medium,0,6,historical_sample
soweto,Wednesday,08:00,passport_new,78,medium,0,6,historical_sample
soweto,Wednesday,08:00,id_replacement,72,medium,0,6,historical_sample
soweto,Wednesday,09:00,passport_new,63,medium,0,6,historical_sample
soweto,Wednesday,09:00,id_application,58,medium,0,6,historical_sample
soweto,Wednesday,10:00,passport_renewal,40,low,0,6,historical_sample
soweto,Wednesday,10:00,passport_new,48,medium,0,6,historical_sample
soweto,Wednesday,10:00,id_application,40,low,0,6,historical_sample
soweto,Wednesday,10:00,id_replacement,53,medium,0,6,historical_sample
soweto,Wednesday,10:00,birth_registration,45,medium,0,6,historical_sample
soweto,Wednesday,11:00,passport_new,50,medium,0,6,historical_sample
soweto,Wednesday,11:00,id_replacement,40,low,0,6,historical_sample
soweto,Wednesday,11:00,birth_registration,37,low,0,6,historical_sample
soweto,Wednesday,12:00,passport_renewal,42,low,0,6,historical_sample
soweto,Wednesday,12:00,id_replacement,44,low,0,6,historical_sample
soweto,Wednesday,13:00,passport_renewal,37,low,0,6,historical_sample
soweto,Wednesday,13:00,passport_new,38,low,0,6,historical_sample
soweto,Wednesday,13:00,id_application,28,low,0,6,historical_sample
soweto,Wednesday,13:00,id_replacement,35,low,0,6,historical_sample
soweto,Wednesday,13:00,birth_registration,31,low,0,6,historical_sample
soweto,Wednesday,14:00,passport_renewal,27,low,0,6,historical_sample
soweto,Wednesday,14:00,passport_new,29,low,0,6,historical_sample
soweto,Wednesday,14:00,id_application,29,low,0,6,historical_sample
soweto,Wednesday,14:00,id_replacement,33,low,0,6,historical_sample
soweto,Wednesday,14:00,birth_registration,24,low,0,6,historical_sample
soweto,Wednesday,15:00,passport_new,36,low,0,6,historical_sample
soweto,Wednesday,15:00,id_replacement,39,low,0,6,historical_sample
soweto,Wednesday,15:00,birth_registration,30,low,0,6,historical_sample
randburg,Wednesday,08:00,passport_renewal,62,medium,0,6,historical_sample
randburg,Wednesday,08:00,passport_new,73,medium,0,6,historical_sample
randburg,Wednesday,09:00,passport_renewal,46,medium,0,6,historical_sample
randburg,Wednesday,09:00,id_application,43,low,0,6,historical_sample
randburg,Wednesday,09:00,birth_registration,43,low,0,6,historical_sample
randburg,Wednesday,10:00,passport_renewal,39,low,0,6,historical_sample
randburg,Wednesday,10:00,passport_new,49,medium,0,6,historical_sample
randburg,Wednesday,10:00,birth_registration,33,low,0,6,historical_sample
randburg,Wednesday,11:00,passport_renewal,36,low,0,6,historical_sample
randburg,Wednesday,11:00,passport_new,47,medium,0,6,historical_sample
randburg,Wednesday,11:00,id_replacement,44,low,0,6,historical_sample
randburg,Wednesday,11:00,birth_registration,32,low,0,6,historical_sample
randburg,Wednesday,12:00,passport_renewal,33,low,0,6,historical_sample
randburg,Wednesday,12:00,id_application,33,low,0,6,historical_sample
randburg,Wednesday,12:00,id_replacement,36,low,0,6,historical_sample
randburg,Wednesday,12:00,birth_registration,27,low,0,6,historical_sample
randburg,Wednesday,13:00,passport_renewal,24,low,0,6,historical_sample
randburg,Wednesday,13:00,passport_new,29,low,0,6,historical_sample
randburg,Wednesday,13:00,id_replacement,26,low,0,6,historical_sample
randburg,Wednesday,13:00,birth_registration,25,low,0,6,historical_sample
randburg,Wednesday,14:00,passport_new,30,low,0,6,historical_sample
randburg,Wednesday,14:00,id_application,25,low,0,6,historical_sample
randburg,Wednesday,14:00,birth_registration,26,low,0,6,historical_sample
randburg,Wednesday,15:00,passport_renewal,39,low,0,6,historical_sample
randburg,Wednesday,15:00,birth_registration,32,low,0,6,historical_sample
pta_cbd,Wednesday,08:00,passport_renewal,94,high,0,6,historical_sample
pta_cbd,Wednesday,08:00,birth_registration,89,high,0,6,historical_sample
pta_cbd,Wednesday,09:00,id_application,78,medium,0,6,historical_sample
pta_cbd,Wednesday,09:00,id_replacement,86,high,0,6,historical_sample
pta_cbd,Wednesday,09:00,birth_registration,76,medium,0,6,historical_sample
pta_cbd,Wednesday,10:00,passport_new,94,high,0,6,historical_sample
pta_cbd,Wednesday,10:00,id_application,67,medium,0,6,historical_sample
pta_cbd,Wednesday,10:00,id_replacement,69,medium,0,6,historical_sample
pta_cbd,Wednesday,11:00,passport_renewal,62,medium,0,6,historical_sample
pta_cbd,Wednesday,11:00,passport_new,81,high,0,6,historical_sample
pta_cbd,Wednesday,11:00,id_application,66,medium,0,6,historical_sample
pta_cbd,Wednesday,11:00,birth_registration,52,medium,0,6,historical_sample
pta_cbd,Wednesday,12:00,passport_renewal,54,medium,0,6,historical_sample
pta_cbd,Wednesday,12:00,passport_new,56,medium,0,6,historical_sample
pta_cbd,Wednesday,12:00,id_replacement,59,medium,0,6,historical_sample
pta_cbd,Wednesday,12:00,birth_registration,46,medium,0,6,historical_sample
pta_cbd,Wednesday,13:00,passport_renewal,49,medium,0,6,historical_sample
pta_cbd,Wednesday,13:00,passport_new,55,medium,0,6,historical_sample
pta_cbd,Wednesday,13:00,id_replacement,56,medium,0,6,historical_sample
pta_cbd,Wednesday,14:00,passport_renewal,44,low,0,6,historical_sample
pta_cbd,Wednesday,14:00,id_application,45,medium,0,6,historical_sample
pta_cbd,Wednesday,14:00,id_replacement,48,medium,0,6,historical_sample
pta_cbd,Wednesday,15:00,passport_new,56,medium,0,6,historical_sample
pta_cbd,Wednesday,15:00,id_application,47,medium,0,6,historical_sample
pta_cbd,Wednesday,15:00,id_replacement,58,medium,0,6,historical_sample
pta_cbd,Wednesday,15:00,birth_registration,43,low,0,6,historical_sample
sandton,Wednesday,08:00,passport_renewal,57,medium,0,6,historical_sample
sandton,Wednesday,08:00,id_application,56,medium,0,6,historical_sample
sandton,Wednesday,09:00,passport_renewal,46,medium,0,6,historical_sample
sandton,Wednesday,09:00,passport_new,47,medium,0,6,historical_sample
sandton,Wednesday,09:00,id_application,43,low,0,6,historical_sample
sandton,Wednesday,09:00,id_replacement,56,medium,0,6,historical_sample
sandton,Wednesday,09:00,birth_registration,36,low,0,6,historical_sample
sandton,Wednesday,10:00,passport_renewal,34,low,0,6,historical_sample
sandton,Wednesday,10:00,passport_new,43,low,0,6,historical_sample
sandton,Wednesday,10:00,id_application,40,low,0,6,historical_sample
sandton,Wednesday,10:00,id_replacement,41,low,0,6,historical_sample
sandton,Wednesday,10:00,birth_registration,34,low,0,6,historical_sample
sandton,Wednesday,11:00,passport_renewal,36,low,0,6,historical_sample
sandton,Wednesday,11:00,passport_new,35,low,0,6,historical_sample
sandton,Wednesday,11:00,id_replacement,34,low,0,6,historical_sample
sandton,Wednesday,11:00,birth_registration,32,low,0,6,historical_sample
sandton,Wednesday,12:00,passport_renewal,33,low,0,6,historical_sample
sandton,Wednesday,12:00,passport_new,32,low,0,6,historical_sample
sandton,Wednesday,12:00,id_replacement,35,low,0,6,historical_sample
sandton,Wednesday,12:00,birth_registration,31,low,0,6,historical_sample
sandton,Wednesday,13:00,passport_renewal,23,low,0,6,historical_sample
sandton,Wednesday,13:00,passport_new,30,low,0,6,historical_sample
sandton,Wednesday,13:00,id_application,25,low,0,6,historical_sample
sandton,Wednesday,13:00,id_replacement,31,low,0,6,historical_sample
sandton,Wednesday,14:00,passport_renewal,24,low,0,6,historical_sample
sandton,Wednesday,14:00,id_replacement,22,low,0,6,historical_sample
sandton,Wednesday,14:00,birth_registration,20,low,0,6,historical_sample
sandton,Wednesday,15:00,passport_new,32,low,0,6,historical_sample
sandton,Wednesday,15:00,id_application,35,low,0,6,historical_sample
sandton,Wednesday,15:00,id_replacement,38,low,0,6,historical_sample
sandton,Wednesday,15:00,birth_registration,32,low,0,6,historical_sample
jhb_cbd,Thursday,08:00,passport_new,86,high,0,6,historical_sample
jhb_cbd,Thursday,08:00,id_replacement,83,high,0,6,historical_sample
jhb_cbd,Thursday,08:00,birth_registration,83,high,0,6,historical_sample
jhb_cbd,Thursday,09:00,passport_renewal,70,medium,0,6,historical_sample
jhb_cbd,Thursday,09:00,passport_new,81,high,0,6,historical_sample
jhb_cbd,Thursday,09:00,birth_registration,75,medium,0,6,historical_sample
jhb_cbd,Thursday,10:00,passport_renewal,69,medium,0,6,historical_sample
jhb_cbd,Thursday,10:00,id_application,73,medium,0,6,historical_sample
jhb_cbd,Thursday,10:00,birth_registration,55,medium,0,6,historical_sample
jhb_cbd,Thursday,11:00,passport_renewal,64,medium,0,6,historical_sample
jhb_cbd,Thursday,11:00,passport_new,65,medium,0,6,historical_sample
jhb_cbd,Thursday,11:00,id_replacement,70,medium,0,6,historical_sample
jhb_cbd,Thursday,12:00,passport_renewal,49,medium,0,6,historical_sample
jhb_cbd,Thursday,12:00,passport_new,47,medium,0,6,historical_sample
jhb_cbd,Thursday,12:00,id_application,47,medium,0,6,historical_sample
jhb_cbd,Thursday,12:00,id_replacement,56,medium,0,6,historical_sample
jhb_cbd,Thursday,12:00,birth_registration,46,medium,0,6,historical_sample
jhb_cbd,Thursday,13:00,passport_new,56,medium,0,6,historical_sample
jhb_cbd,Thursday,13:00,birth_registration,42,low,0,6,historical_sample
jhb_cbd,Thursday,14:00,passport_renewal,30,low,0,6,historical_sample
jhb_cbd,Thursday,14:00,passport_new,44,low,0,6,historical_sample
jhb_cbd,Thursday,14:00,id_replacement,40,low,0,6,historical_sample
jhb_cbd,Thursday,15:00,passport_renewal,51,medium,0,6,historical_sample
jhb_cbd,Thursday,15:00,passport_new,50,medium,0,6,historical_sample
jhb_cbd,Thursday,15:00,id_application,44,low,0,6,historical_sample
jhb_cbd,Thursday,15:00,id_replacement,48,medium,0,6,historical_sample
jhb_cbd,Thursday,15:00,birth_registration,48,medium,0,6,historical_sample
soweto,Thursday,08:00,passport_renewal,66,medium,0,6,historical_sample
soweto,Thursday,08:00,id_application,62,medium,0,6,historical_sample
soweto,Thursday,08:00,id_replacement,67,medium,0,6,historical_sample
soweto,Thursday,09:00,passport_renewal,55,medium,0,6,historical_sample
soweto,Thursday,09:00,id_replacement,49,medium,0,6,historical_sample
soweto,Thursday,09:00,birth_registration,46,medium,0,6,historical_sample
soweto,Thursday,10:00,passport_renewal,43,low,0,6,historical_sample
soweto,Thursday,10:00,passport_new,42,low,0,6,historical_sample
soweto,Thursday,10:00,id_replacement,41,low,0,6,historical_sample
soweto,Thursday,10:00,birth_registration,38,low,0,6,historical_sample
soweto,Thursday,11:00,passport_new,48,medium,0,6,historical_sample
soweto,Thursday,12:00,passport_renewal,37,low,0,6,historical_sample
soweto,Thursday,12:00,id_application,39,low,0,6,historical_sample
soweto,Thursday,12:00,id_replacement,39,low,0,6,historical_sample
soweto,Thursday,12:00,birth_registration,29,low,0,6,historical_sample
soweto,Thursday,13:00,passport_renewal,35,low,0,6,historical_sample
soweto,Thursday,13:00,birth_registration,25,low,0,6,historical_sample
soweto,Thursday,14:00,passport_renewal,23,low,0,6,historical_sample
soweto,Thursday,14:00,birth_registration,27,low,0,6,historical_sample
soweto,Thursday,15:00,passport_new,44,low,0,6,historical_sample
soweto,Thursday,15:00,id_replacement,35,low,0,6,historical_sample
soweto,Thursday,15:00,birth_registration,32,low,0,6,historical_sample
randburg,Thursday,08:00,passport_renewal,56,medium,0,6,historical_sample
randburg,Thursday,08:00,id_replacement,68,medium,0,6,historical_sample
randburg,Thursday,09:00,passport_renewal,50,medium,0,6,historical_sample
randburg,Thursday,09:00,passport_new,51,medium,0,6,historical_sample
randburg,Thursday,09:00,id_application,53,medium,0,6,historical_sample
randburg,Thursday,09:00,id_replacement,57,medium,0,6,historical_sample
randburg,Thursday,09:00,birth_registration,47,medium,0,6,historical_sample
randburg,Thursday,10:00,passport_renewal,41,low,0,6,historical_sample
randburg,Thursday,10:00,passport_new,43,low,0,6,historical_sample
randburg,Thursday,10:00,id_application,37,low,0,6,historical_sample
randburg,Thursday,10:00,id_replacement,36,low,0,6,historical_sample
randburg,Thursday,11:00,passport_new,40,low,0,6,historical_sample
randburg,Thursday,11:00,id_replacement,39,low,0,6,historical_sample
randburg,Thursday,11:00,birth_registration,30,low,0,6,historical_sample
randburg,Thursday,12:00,id_replacement,31,low,0,6,historical_sample
randburg,Thursday,13:00,passport_renewal,25,low,0,6,historical_sample
randburg,Thursday,13:00,passport_new,26,low,0,6,historical_sample
randburg,Thursday,14:00,passport_renewal,27,low,0,6,historical_sample
randburg,Thursday,14:00,passport_new,28,low,0,6,historical_sample
randburg,Thursday,14:00,id_application,24,low,0,6,historical_sample
randburg,Thursday,14:00,id_replacement,23,low,0,6,historical_sample
randburg,Thursday,15:00,passport_renewal,38,low,0,6,historical_sample
randburg,Thursday,15:00,passport_new,32,low,0,6,historical_sample
randburg,Thursday,15:00,id_application,31,low,0,6,historical_sample
randburg,Thursday,15:00,id_replacement,33,low,0,6,historical_sample
pta_cbd,Thursday,08:00,passport_new,98,high,0,6,historical_sample
pta_cbd,Thursday,08:00,id_application,83,high,0,6,historical_sample
pta_cbd,Thursday,09:00,passport_new,91,high,0,6,historical_sample
pta_cbd,Thursday,09:00,id_replacement,94,high,0,6,historical_sample
pta_cbd,Thursday,09:00,birth_registration,81,high,0,6,historical_sample
pta_cbd,Thursday,10:00,passport_new,76,medium,0,6,historical_sample
pta_cbd,Thursday,10:00,id_application,76,medium,0,6,historical_sample
pta_cbd,Thursday,10:00,birth_registration,56,medium,0,6,historical_sample
pta_cbd,Thursday,11:00,passport_new,73,medium,0,6,historical_sample
pta_cbd,Thursday,11:00,id_replacement,64,medium,0,6,historical_sample
pta_cbd,Thursday,11:00,birth_registration,53,medium,0,6,historical_sample
pta_cbd,Thursday,12:00,passport_renewal,52,medium,0,6,historical_sample
pta_cbd,Thursday,12:00,passport_new,58,medium,0,6,historical_sample
pta_cbd,Thursday,12:00,id_application,58,medium,0,6,historical_sample
pta_cbd,Thursday,12:00,birth_registration,50,medium,0,6,historical_sample
pta_cbd,Thursday,14:00,passport_renewal,39,low,0,6,historical_sample
pta_cbd,Thursday,14:00,id_replacement,40,low,0,6,historical_sample
pta_cbd,Thursday,14:00,birth_registration,41,low,0,6,historical_sample
pta_cbd,Thursday,15:00,passport_renewal,59,medium,0,6,historical_sample
pta_cbd,Thursday,15:00,id_application,45,medium,0,6,historical_sample
pta_cbd,Thursday,15:00,id_replacement,49,medium,0,6,historical_sample
sandton,Thursday,08:00,passport_renewal,54,medium,0,6,historical_sample
sandton,Thursday,08:00,birth_registration,39,low,0,6,historical_sample
sandton,Thursday,09:00,passport_renewal,48,medium,0,6,historical_sample
sandton,Thursday,09:00,passport_new,56,medium,0,6,historical_sample
sandton,Thursday,09:00,id_application,42,low,0,6,historical_sample
sandton,Thursday,09:00,birth_registration,41,low,0,6,historical_sample
sandton,Thursday,10:00,passport_renewal,43,low,0,6,historical_sample
sandton,Thursday,10:00,id_application,32,low,0,6,historical_sample
sandton,Thursday,11:00,passport_new,41,low,0,6,historical_sample
sandton,Thursday,11:00,id_application,34,low,0,6,historical_sample
sandton,Thursday,12:00,passport_renewal,25,low,0,6,historical_sample
sandton,Thursday,12:00,id_replacement,27,low,0,6,historical_sample
sandton,Thursday,13:00,passport_new,27,low,0,6,historical_sample
sandton,Thursday,13:00,id_application,25,low,0,6,historical_sample
sandton,Thursday,13:00,birth_registration,20,low,0,6,historical_sample
sandton,Thursday,14:00,passport_renewal,25,low,0,6,historical_sample
sandton,Thursday,14:00,id_application,24,low,0,6,historical_sample
sandton,Thursday,14:00,id_replacement,23,low,0,6,historical_sample
sandton,Thursday,14:00,birth_registration,18,low,0,6,historical_sample
sandton,Thursday,15:00,id_replacement,34,low,0,6,historical_sample
jhb_cbd,Friday,08:00,passport_renewal,122,high,0,6,historical_sample
jhb_cbd,Friday,08:00,id_application,98,high,0,6,historical_sample
jhb_cbd,Friday,08:00,birth_registration,101,high,0,6,historical_sample
jhb_cbd,Friday,09:00,passport_new,98,high,0,6,historical_sample
jhb_cbd,Friday,09:00,id_application,86,high,0,6,historical_sample
jhb_cbd,Friday,09:00,id_replacement,107,high,0,6,historical_sample
jhb_cbd,Friday,10:00,id_application,91,high,0,6,historical_sample
jhb_cbd,Friday,10:00,id_replacement,88,high,0,6,historical_sample
jhb_cbd,Friday,10:00,birth_registration,83,high,0,6,historical_sample
jhb_cbd,Friday,11:00,passport_renewal,77,medium,0,6,historical_sample
jhb_cbd,Friday,11:00,passport_new,90,high,0,6,historical_sample
jhb_cbd,Friday,11:00,id_application,84,high,0,6,historical_sample
jhb_cbd,Friday,13:00,passport_renewal,63,medium,0,6,historical_sample
jhb_cbd,Friday,13:00,passport_new,58,medium,0,6,historical_sample
jhb_cbd,Friday,13:00,id_application,63,medium,0,6,historical_sample
jhb_cbd,Friday,14:00,passport_renewal,45,medium,0,6,historical_sample
jhb_cbd,Friday,14:00,id_application,48,medium,0,6,historical_sample
jhb_cbd,Friday,14:00,birth_registration,45,medium,0,6,historical_sample
jhb_cbd,Friday,15:00,passport_renewal,62,medium,0,6,historical_sample
jhb_cbd,Friday,15:00,passport_new,66,medium,0,6,historical_sample
soweto,Friday,08:00,passport_renewal,74,medium,0,6,historical_sample
soweto,Friday,08:00,id_application,75,medium,0,6,historical_sample
soweto,Friday,09:00,passport_new,87,high,0,6,historical_sample
soweto,Friday,09:00,id_application,78,medium,0,6,historical_sample
soweto,Friday,09:00,id_replacement,75,medium,0,6,historical_sample
soweto,Friday,10:00,passport_new,67,medium,0,6,historical_sample
soweto,Friday,10:00,id_application,62,medium,0,6,historical_sample
soweto,Friday,10:00,id_replacement,56,medium,0,6,historical_sample
soweto,Friday,11:00,id_application,50,medium,0,6,historical_sample
soweto,Friday,11:00,id_replacement,65,medium,0,6,historical_sample
soweto,Friday,12:00,passport_renewal,46,medium,0,6,historical_sample
soweto,Friday,12:00,id_application,48,medium,0,6,historical_sample
soweto,Friday,12:00,id_replacement,54,medium,0,6,historical_sample
soweto,Friday,12:00,birth_registration,48,medium,0,6,historical_sample
soweto,Friday,13:00,passport_renewal,37,low,0,6,historical_sample
soweto,Friday,13:00,passport_new,49,medium,0,6,historical_sample
soweto,Friday,13:00,id_replacement,48,medium,0,6,historical_sample
soweto,Friday,13:00,birth_registration,33,low,0,6,historical_sample
soweto,Friday,14:00,passport_renewal,33,low,0,6,historical_sample
soweto,Friday,14:00,passport_new,45,medium,0,6,historical_sample
soweto,Friday,14:00,id_application,36,low,0,6,historical_sample
soweto,Friday,14:00,birth_registration,33,low,0,6,historical_sample
soweto,Friday,15:00,passport_renewal,53,medium,0,6,historical_sample
soweto,Friday,15:00,passport_new,59,medium,0,6,historical_sample
soweto,Friday,15:00,id_application,51,medium,0,6,historical_sample
soweto,Friday,15:00,id_replacement,46,medium,0,6,historical_sample
soweto,Friday,15:00,birth_registration,48,medium,0,6,historical_sample
randburg,Friday,08:00,passport_renewal,76,medium,0,6,historical_sample
randburg,Friday,08:00,passport_new,80,high,0,6,historical_sample
randburg,Friday,08:00,id_replacement,78,medium,0,6,historical_sample
randburg,Friday,08:00,birth_registration,68,medium,0,6,historical_sample
randburg,Friday,09:00,passport_renewal,75,medium,0,6,historical_sample
randburg,Friday,09:00,passport_new,67,medium,0,6,historical_sample
randburg,Friday,09:00,id_application,62,medium,0,6,historical_sample
randburg,Friday,09:00,id_replacement,68,medium,0,6,historical_sample
randburg,Friday,10:00,passport_renewal,56,medium,0,6,historical_sample
randburg,Friday,10:00,passport_new,55,medium,0,6,historical_sample
randburg,Friday,10:00,id_replacement,48,medium,0,6,historical_sample
randburg,Friday,11:00,passport_new,45,medium,0,6,historical_sample
randburg,Friday,11:00,id_replacement,52,medium,0,6,historical_sample
randburg,Friday,12:00,passport_new,43,low,0,6,historical_sample
randburg,Friday,12:00,id_application,41,low,0,6,historical_sample
randburg,Friday,12:00,id_replacement,39,low,0,6,historical_sample
randburg,Friday,13:00,passport_new,35,low,0,6,historical_sample
randburg,Friday,13:00,id_application,29,low,0,6,historical_sample
randburg,Friday,13:00,birth_registration,30,low,0,6,historical_sample
randburg,Friday,14:00,passport_renewal,34,low,0,6,historical_sample
randburg,Friday,14:00,passport_new,42,low,0,6,historical_sample
randburg,Friday,15:00,passport_new,52,medium,0,6,historical_sample
randburg,Friday,15:00,id_replacement,50,medium,0,6,historical_sample
pta_cbd,Friday,08:00,passport_new,124,high,0,6,historical_sample
pta_cbd,Friday,08:00,id_replacement,130,high,0,6,historical_sample
pta_cbd,Friday,08:00,birth_registration,103,high,0,6,historical_sample
pta_cbd,Friday,09:00,passport_renewal,105,high,0,6,historical_sample
pta_cbd,Friday,09:00,id_application,96,high,0,6,historical_sample
pta_cbd,Friday,09:00,id_replacement,120,high,0,6,historical_sample
pta_cbd,Friday,09:00,birth_registration,95,high,0,6,historical_sample
pta_cbd,Friday,10:00,passport_renewal,93,high,0,6,historical_sample
pta_cbd,Friday,10:00,id_application,103,high,0,6,historical_sample
pta_cbd,Friday,10:00,id_replacement,108,high,0,6,historical_sample
pta_cbd,Friday,10:00,birth_registration,81,high,0,6,historical_sample
pta_cbd,Friday,11:00,passport_new,82,high,0,6,historical_sample
pta_cbd,Friday,11:00,id_application,81,high,0,6,historical_sample
pta_cbd,Friday,11:00,birth_registration,73,medium,0,6,historical_sample
pta_cbd,Friday,12:00,passport_renewal,61,medium,0,6,historical_sample
pta_cbd,Friday,12:00,passport_new,88,high,0,6,historical_sample
pta_cbd,Friday,12:00,id_application,59,medium,0,6,historical_sample
pta_cbd,Friday,12:00,birth_registration,67,medium,0,6,historical_sample
pta_cbd,Friday,13:00,id_replacement,65,medium,0,6,historical_sample
pta_cbd,Friday,14:00,passport_renewal,56,medium,0,6,historical_sample
pta_cbd,Friday,14:00,passport_new,51,medium,0,6,historical_sample
pta_cbd,Friday,14:00,birth_registration,48,medium,0,6,historical_sample
pta_cbd,Friday,15:00,passport_new,87,high,0,6,historical_sample
pta_cbd,Friday,15:00,birth_registration,55,medium,0,6,historical_sample
sandton,Friday,08:00,passport_renewal,69,medium,0,6,historical_sample
sandton,Friday,08:00,id_replacement,61,medium,0,6,historical_sample
sandton,Friday,09:00,passport_new,72,medium,0,6,historical_sample
sandton,Friday,09:00,id_application,49,medium,0,6,historical_sample
sandton,Friday,09:00,birth_registration,61,medium,0,6,historical_sample
sandton,Friday,10:00,passport_renewal,55,medium,0,6,historical_sample
sandton,Friday,10:00,passport_new,60,medium,0,6,historical_sample
sandton,Friday,10:00,id_application,53,medium,0,6,historical_sample
sandton,Friday,10:00,id_replacement,51,medium,0,6,historical_sample
sandton,Friday,10:00,birth_registration,41,low,0,6,historical_sample
sandton,Friday,11:00,passport_renewal,47,medium,0,6,historical_sample
sandton,Friday,11:00,id_application,43,low,0,6,historical_sample
sandton,Friday,11:00,id_replacement,44,low,0,6,historical_sample
sandton,Friday,11:00,birth_registration,46,medium,0,6,historical_sample
sandton,Friday,12:00,passport_renewal,40,low,0,6,historical_sample
sandton,Friday,12:00,passport_new,44,low,0,6,historical_sample
sandton,Friday,12:00,id_replacement,39,low,0,6,historical_sample
sandton,Friday,13:00,passport_renewal,34,low,0,6,historical_sample
sandton,Friday,13:00,id_replacement,39,low,0,6,historical_sample
sandton,Friday,13:00,birth_registration,26,low,0,6,historical_sample
sandton,Friday,14:00,passport_renewal,34,low,0,6,historical_sample
sandton,Friday,14:00,passport_new,35,low,0,6,historical_sample
sandton,Friday,14:00,id_replacement,30,low,0,6,historical_sample
sandton,Friday,14:00,birth_registration,27,low,0,6,historical_sample
sandton,Friday,15:00,passport_new,44,low,0,6,historical_sample
sandton,Friday,15:00,id_replacement,42,low,0,6,historical_sample
sandton,Friday,15:00,birth_registration,35,low,0,6,historical_sample
jhb_cbd,Monday,08:00,passport_renewal,128,high,0,7,historical_sample
jhb_cbd,Monday,08:00,id_application,106,high,0,7,historical_sample
jhb_cbd,Monday,08:00,id_replacement,140,high,0,7,historical_sample
jhb_cbd,Monday,08:00,birth_registration,102,high,0,7,historical_sample
jhb_cbd,Monday,09:00,passport_renewal,111,high,0,7,historical_sample
jhb_cbd,Monday,09:00,passport_new,131,high,0,7,historical_sample
jhb_cbd,Monday,09:00,id_application,101,high,0,7,historical_sample
jhb_cbd,Monday,10:00,passport_renewal,89,high,0,7,historical_sample
jhb_cbd,Monday,10:00,passport_new,100,high,0,7,historical_sample
jhb_cbd,Monday,10:00,id_replacement,88,high,0,7,historical_sample
jhb_cbd,Monday,11:00,passport_new,88,high,0,7,historical_sample
jhb_cbd,Monday,11:00,id_application,88,high,0,7,historical_sample
jhb_cbd,Monday,11:00,id_replacement,91,high,0,7,historical_sample
jhb_cbd,Monday,12:00,passport_renewal,62,medium,0,7,historical_sample
jhb_cbd,Monday,12:00,passport_new,81,high,0,7,historical_sample
jhb_cbd,Monday,12:00,id_application,56,medium,0,7,historical_sample
jhb_cbd,Monday,12:00,id_replacement,63,medium,0,7,historical_sample
jhb_cbd,Monday,12:00,birth_registration,53,medium,0,7,historical_sample
jhb_cbd,Monday,13:00,passport_renewal,64,medium,0,7,historical_sample
jhb_cbd,Monday,13:00,passport_new,77,medium,0,7,historical_sample
jhb_cbd,Monday,13:00,id_replacement,63,medium,0,7,historical_sample
jhb_cbd,Monday,13:00,birth_registration,57,medium,0,7,historical_sample
jhb_cbd,Monday,14:00,id_application,44,low,0,7,historical_sample
jhb_cbd,Monday,15:00,passport_renewal,75,medium,0,7,historical_sample
jhb_cbd,Monday,15:00,id_application,67,medium,0,7,historical_sample
jhb_cbd,Monday,15:00,id_replacement,65,medium,0,7,historical_sample
jhb_cbd,Monday,15:00,birth_registration,69,medium,0,7,historical_sample
soweto,Monday,08:00,passport_renewal,85,high,0,7,historical_sample
soweto,Monday,08:00,passport_new,83,high,0,7,historical_sample
soweto,Monday,08:00,id_replacement,103,high,0,7,historical_sample
soweto,Monday,08:00,birth_registration,78,medium,0,7,historical_sample
soweto,Monday,09:00,passport_renewal,76,medium,0,7,historical_sample
soweto,Monday,09:00,passport_new,78,medium,0,7,historical_sample
soweto,Monday,09:00,id_application,72,medium,0,7,historical_sample
soweto,Monday,10:00,passport_renewal,60,medium,0,7,historical_sample
soweto,Monday,10:00,id_replacement,61,medium,0,7,historical_sample
soweto,Monday,11:00,passport_new,58,medium,0,7,historical_sample
soweto,Monday,11:00,id_replacement,66,medium,0,7,historical_sample
soweto,Monday,12:00,passport_renewal,43,low,0,7,historical_sample
soweto,Monday,12:00,passport_new,62,medium,0,7,historical_sample
soweto,Monday,12:00,id_replacement,58,medium,0,7,historical_sample
soweto,Monday,12:00,birth_registration,45,medium,0,7,historical_sample
soweto,Monday,13:00,passport_renewal,37,low,0,7,historical_sample
soweto,Monday,13:00,passport_new,42,low,0,7,historical_sample
soweto,Monday,13:00,id_application,46,medium,0,7,historical_sample
soweto,Monday,14:00,id_replacement,35,low,0,7,historical_sample
soweto,Monday,14:00,birth_registration,36,low,0,7,historical_sample
soweto,Monday,15:00,passport_renewal,52,medium,0,7,historical_sample
soweto,Monday,15:00,passport_new,50,medium,0,7,historical_sample
soweto,Monday,15:00,id_replacement,58,medium,0,7,historical_sample
soweto,Monday,15:00,birth_registration,48,medium,0,7,historical_sample
randburg,Monday,08:00,passport_new,101,high,0,7,historical_sample
randburg,Monday,08:00,id_application,79,medium,0,7,historical_sample
randburg,Monday,08:00,birth_registration,82,high,0,7,historical_sample
randburg,Monday,09:00,id_replacement,75,medium,0,7,historical_sample
randburg,Monday,09:00,birth_registration,58,medium,0,7,historical_sample
randburg,Monday,10:00,passport_renewal,64,medium,0,7,historical_sample
randburg,Monday,10:00,id_replacement,64,medium,0,7,historical_sample
randburg,Monday,10:00,birth_registration,56,medium,0,7,historical_sample
randburg,Monday,11:00,passport_renewal,53,medium,0,7,historical_sample
randburg,Monday,11:00,passport_new,47,medium,0,7,historical_sample
randburg,Monday,11:00,id_application,50,medium,0,7,historical_sample
randburg,Monday,11:00,id_replacement,51,medium,0,7,historical_sample
randburg,Monday,12:00,passport_renewal,48,medium,0,7,historical_sample
randburg,Monday,12:00,passport_new,46,medium,0,7,historical_sample
randburg,Monday,12:00,id_replacement,39,low,0,7,historical_sample
randburg,Monday,13:00,passport_renewal,34,low,0,7,historical_sample
randburg,Monday,13:00,passport_new,46,medium,0,7,historical_sample
randburg,Monday,13:00,id_application,36,low,0,7,historical_sample
randburg,Monday,13:00,id_replacement,33,low,0,7,historical_sample
randburg,Monday,13:00,birth_registration,36,low,0,7,historical_sample
randburg,Monday,15:00,passport_renewal,43,low,0,7,historical_sample
randburg,Monday,15:00,id_application,44,low,0,7,historical_sample
pta_cbd,Monday,08:00,passport_new,137,high,0,7,historical_sample
pta_cbd,Monday,08:00,id_application,113,high,0,7,historical_sample
pta_cbd,Monday,08:00,id_replacement,120,high,0,7,historical_sample
pta_cbd,Monday,08:00,birth_registration,127,high,0,7,historical_sample
pta_cbd,Monday,09:00,passport_renewal,105,high,0,7,historical_sample
pta_cbd,Monday,09:00,passport_new,124,high,0,7,historical_sample
pta_cbd,Monday,09:00,id_replacement,118,high,0,7,historical_sample
pta_cbd,Monday,10:00,passport_renewal,106,high,0,7,historical_sample
pta_cbd,Monday,10:00,passport_new,102,high,0,7,historical_sample
pta_cbd,Monday,10:00,birth_registration,82,high,0,7,historical_sample
pta_cbd,Monday,11:00,passport_renewal,79,medium,0,7,historical_sample
pta_cbd,Monday,11:00,passport_new,105,high,0,7,historical_sample
pta_cbd,Monday,11:00,id_replacement,97,high,0,7,historical_sample
pta_cbd,Monday,11:00,birth_registration,77,medium,0,7,historical_sample
pta_cbd,Monday,12:00,passport_new,70,medium,0,7,historical_sample
pta_cbd,Monday,12:00,id_replacement,86,high,0,7,historical_sample
pta_cbd,Monday,13:00,passport_new,75,medium,0,7,historical_sample
pta_cbd,Monday,13:00,id_application,63,medium,0,7,historical_sample
pta_cbd,Monday,14:00,passport_new,53,medium,0,7,historical_sample
pta_cbd,Monday,14:00,id_replacement,56,medium,0,7,historical_sample
pta_cbd,Monday,15:00,passport_renewal,83,high,0,7,historical_sample
pta_cbd,Monday,15:00,passport_new,92,high,0,7,historical_sample
pta_cbd,Monday,15:00,id_application,73,medium,0,7,historical_sample
pta_cbd,Monday,15:00,id_replacement,74,medium,0,7,historical_sample
pta_cbd,Monday,15:00,birth_registration,66,medium,0,7,historical_sample
sandton,Monday,08:00,passport_renewal,73,medium,0,7,historical_sample
sandton,Monday,08:00,passport_new,65,medium,0,7,historical_sample
sandton,Monday,08:00,id_replacement,76,medium,0,7,historical_sample
sandton,Monday,08:00,birth_registration,68,medium,0,7,historical_sample
sandton,Monday,09:00,passport_renewal,61,medium,0,7,historical_sample
sandton,Monday,09:00,passport_new,70,medium,0,7,historical_sample
sandton,Monday,09:00,id_application,53,medium,0,7,historical_sample
sandton,Monday,09:00,id_replacement,70,medium,0,7,historical_sample
sandton,Monday,09:00,birth_registration,50,medium,0,7,historical_sample
sandton,Monday,10:00,passport_new,65,medium,0,7,historical_sample
sandton,Monday,10:00,birth_registration,44,low,0,7,historical_sample
sandton,Monday,11:00,passport_renewal,49,medium,0,7,historical_sample
sandton,Monday,11:00,passport_new,54,medium,0,7,historical_sample
sandton,Monday,11:00,id_application,49,medium,0,7,historical_sample
sandton,Monday,11:00,id_replacement,44,low,0,7,historical_sample
sandton,Monday,11:00,birth_registration,40,low,0,7,historical_sample
sandton,Monday,12:00,id_application,37,low,0,7,historical_sample
sandton,Monday,12:00,id_replacement,47,medium,0,7,historical_sample
sandton,Monday,12:00,birth_registration,39,low,0,7,historical_sample
sandton,Monday,13:00,id_application,31,low,0,7,historical_sample
sandton,Monday,13:00,id_replacement,34,low,0,7,historical_sample
sandton,Monday,14:00,passport_new,32,low,0,7,historical_sample
sandton,Monday,14:00,id_application,26,low,0,7,historical_sample
sandton,Monday,14:00,id_replacement,29,low,0,7,historical_sample
sandton,Monday,14:00,birth_registration,24,low,0,7,historical_sample
sandton,Monday,15:00,id_application,46,medium,0,7,historical_sample
sandton,Monday,15:00,id_replacement,39,low,0,7,historical_sample
sandton,Monday,15:00,birth_registration,34,low,0,7,historical_sample
jhb_cbd,Tuesday,08:00,passport_renewal,92,high,0,7,historical_sample
jhb_cbd,Tuesday,08:00,id_application,104,high,0,7,historical_sample
jhb_cbd,Tuesday,08:00,id_replacement,111,high,0,7,historical_sample
jhb_cbd,Tuesday,08:00,birth_registration,85,high,0,7,historical_sample
jhb_cbd,Tuesday,09:00,passport_new,98,high,0,7,historical_sample
jhb_cbd,Tuesday,09:00,birth_registration,88,high,0,7,historical_sample
jhb_cbd,Tuesday,10:00,passport_renewal,82,high,0,7,historical_sample
jhb_cbd,Tuesday,10:00,passport_new,77,medium,0,7,historical_sample
jhb_cbd,Tuesday,10:00,id_replacement,78,medium,0,7,historical_sample
jhb_cbd,Tuesday,10:00,birth_registration,74,medium,0,7,historical_sample
jhb_cbd,Tuesday,11:00,passport_renewal,77,medium,0,7,historical_sample
jhb_cbd,Tuesday,11:00,passport_new,67,medium,0,7,historical_sample
jhb_cbd,Tuesday,11:00,id_replacement,80,high,0,7,historical_sample
jhb_cbd,Tuesday,12:00,passport_renewal,63,medium,0,7,historical_sample
jhb_cbd,Tuesday,12:00,passport_new,68,medium,0,7,historical_sample
jhb_cbd,Tuesday,12:00,id_application,56,medium,0,7,historical_sample
jhb_cbd,Tuesday,13:00,passport_renewal,45,medium,0,7,historical_sample
jhb_cbd,Tuesday,13:00,passport_new,55,medium,0,7,historical_sample
jhb_cbd,Tuesday,13:00,id_application,43,low,0,7,historical_sample
jhb_cbd,Tuesday,13:00,birth_registration,43,low,0,7,historical_sample
jhb_cbd,Tuesday,14:00,passport_renewal,42,low,0,7,historical_sample
jhb_cbd,Tuesday,14:00,passport_new,45,medium,0,7,historical_sample
jhb_cbd,Tuesday,14:00,id_application,44,low,0,7,historical_sample
jhb_cbd,Tuesday,14:00,id_replacement,38,low,0,7,historical_sample
jhb_cbd,Tuesday,14:00,birth_registration,38,low,0,7,historical_sample
jhb_cbd,Tuesday,15:00,passport_renewal,53,medium,0,7,historical_sample
jhb_cbd,Tuesday,15:00,passport_new,59,medium,0,7,historical_sample
jhb_cbd,Tuesday,15:00,birth_registration,49,medium,0,7,historical_sample
soweto,Tuesday,08:00,passport_renewal,78,medium,0,7,historical_sample
soweto,Tuesday,08:00,id_replacement,85,high,0,7,historical_sample
soweto,Tuesday,08:00,birth_registration,63,medium,0,7,historical_sample
soweto,Tuesday,09:00,passport_renewal,70,medium,0,7,historical_sample
soweto,Tuesday,09:00,passport_new,71,medium,0,7,historical_sample
soweto,Tuesday,09:00,id_application,58,medium,0,7,historical_sample
soweto,Tuesday,09:00,id_replacement,72,medium,0,7,historical_sample
soweto,Tuesday,10:00,passport_renewal,56,medium,0,7,historical_sample
soweto,Tuesday,10:00,passport_new,59,medium,0,7,historical_sample
soweto,Tuesday,11:00,id_application,51,medium,0,7,historical_sample
soweto,Tuesday,11:00,id_replacement,51,medium,0,7,historical_sample
soweto,Tuesday,11:00,birth_registration,47,medium,0,7,historical_sample
soweto,Tuesday,12:00,passport_renewal,35,low,0,7,historical_sample
soweto,Tuesday,12:00,id_replacement,49,medium,0,7,historical_sample
soweto,Tuesday,12:00,birth_registration,33,low,0,7,historical_sample
soweto,Tuesday,13:00,passport_new,42,low,0,7,historical_sample
soweto,Tuesday,13:00,id_application,31,low,0,7,historical_sample
soweto,Tuesday,13:00,id_replacement,43,low,0,7,historical_sample
soweto,Tuesday,13:00,birth_registration,31,low,0,7,historical_sample
soweto,Tuesday,14:00,passport_renewal,32,low,0,7,historical_sample
soweto,Tuesday,14:00,passport_new,30,low,0,7,historical_sample
soweto,Tuesday,14:00,id_application,33,low,0,7,historical_sample
soweto,Tuesday,14:00,id_replacement,34,low,0,7,historical_sample
soweto,Tuesday,14:00,birth_registration,24,low,0,7,historical_sample
soweto,Tuesday,15:00,passport_renewal,40,low,0,7,historical_sample
soweto,Tuesday,15:00,passport_new,44,low,0,7,historical_sample
soweto,Tuesday,15:00,id_application,43,low,0,7,historical_sample
soweto,Tuesday,15:00,birth_registration,33,low,0,7,historical_sample
randburg,Tuesday,08:00,passport_new,84,high,0,7,historical_sample
randburg,Tuesday,08:00,id_application,56,medium,0,7,historical_sample
randburg,Tuesday,08:00,id_replacement,73,medium,0,7,historical_sample
randburg,Tuesday,08:00,birth_registration,64,medium,0,7,historical_sample
randburg,Tuesday,09:00,passport_renewal,56,medium,0,7,historical_sample
randburg,Tuesday,09:00,passport_new,65,medium,0,7,historical_sample
randburg,Tuesday,09:00,id_application,48,medium,0,7,historical_sample
randburg,Tuesday,10:00,passport_renewal,52,medium,0,7,historical_sample
randburg,Tuesday,10:00,passport_new,57,medium,0,7,historical_sample
randburg,Tuesday,10:00,id_application,42,low,0,7,historical_sample
randburg,Tuesday,11:00,passport_new,49,medium,0,7,historical_sample
randburg,Tuesday,11:00,id_application,36,low,0,7,historical_sample
randburg,Tuesday,11:00,id_replacement,45,medium,0,7,historical_sample
randburg,Tuesday,11:00,birth_registration,33,low,0,7,historical_sample
randburg,Tuesday,12:00,id_replacement,43,low,0,7,historical_sample
randburg,Tuesday,13:00,passport_renewal,36,low,0,7,historical_sample
randburg,Tuesday,13:00,passport_new,39,low,0,7,historical_sample
randburg,Tuesday,13:00,id_application,26,low,0,7,historical_sample
randburg,Tuesday,13:00,birth_registration,30,low,0,7,historical_sample
randburg,Tuesday,14:00,passport_new,36,low,0,7,historical_sample
randburg,Tuesday,14:00,id_application,30,low,0,7,historical_sample
randburg,Tuesday,14:00,birth_registration,22,low,0,7,historical_sample
randburg,Tuesday,15:00,passport_new,44,low,0,7,historical_sample
randburg,Tuesday,15:00,id_application,38,low,0,7,historical_sample
randburg,Tuesday,15:00,id_replacement,39,low,0,7,historical_sample
pta_cbd,Tuesday,08:00,passport_renewal,115,high,0,7,historical_sample
pta_cbd,Tuesday,08:00,passport_new,113,high,0,7,historical_sample
pta_cbd,Tuesday,08:00,id_replacement,126,high,0,7,historical_sample
pta_cbd,Tuesday,08:00,birth_registration,83,high,0,7,historical_sample
pta_cbd,Tuesday,09:00,passport_renewal,82,high,0,7,historical_sample
pta_cbd,Tuesday,09:00,passport_new,111,high,0,7,historical_sample
pta_cbd,Tuesday,09:00,id_replacement,92,high,0,7,historical_sample
pta_cbd,Tuesday,09:00,birth_registration,85,high,0,7,historical_sample
pta_cbd,Tuesday,10:00,passport_renewal,89,high,0,7,historical_sample
pta_cbd,Tuesday,10:00,id_application,78,medium,0,7,historical_sample
pta_cbd,Tuesday,10:00,id_replacement,95,high,0,7,historical_sample
pta_cbd,Tuesday,11:00,passport_renewal,77,medium,0,7,historical_sample
pta_cbd,Tuesday,11:00,passport_new,69,medium,0,7,historical_sample
pta_cbd,Tuesday,11:00,id_application,59,medium,0,7,historical_sample
pta_cbd,Tuesday,11:00,birth_registration,74,medium,0,7,historical_sample
pta_cbd,Tuesday,12:00,passport_renewal,58,medium,0,7,historical_sample
pta_cbd,Tuesday,12:00,id_application,64,medium,0,7,historical_sample
pta_cbd,Tuesday,13:00,passport_renewal,65,medium,0,7,historical_sample
pta_cbd,Tuesday,13:00,passport_new,68,medium,0,7,historical_sample
pta_cbd,Tuesday,13:00,birth_registration,47,medium,0,7,historical_sample
pta_cbd,Tuesday,14:00,passport_new,48,medium,0,7,historical_sample
pta_cbd,Tuesday,14:00,id_application,46,medium,0,7,historical_sample
pta_cbd,Tuesday,14:00,id_replacement,49,medium,0,7,historical_sample
pta_cbd,Tuesday,14:00,birth_registration,38,low,0,7,historical_sample
pta_cbd,Tuesday,15:00,id_replacement,72,medium,0,7,historical_sample
pta_cbd,Tuesday,15:00,birth_registration,54,medium,0,7,historical_sample
sandton,Tuesday,08:00,passport_renewal,50,medium,0,7,historical_sample
sandton,Tuesday,08:00,id_application,59,medium,0,7,historical_sample
sandton,Tuesday,08:00,birth_registration,49,medium,0,7,historical_sample
sandton,Tuesday,09:00,passport_renewal,46,medium,0,7,historical_sample
sandton,Tuesday,09:00,passport_new,54,medium,0,7,historical_sample
sandton,Tuesday,09:00,id_replacement,58,medium,0,7,historical_sample
sandton,Tuesday,09:00,birth_registration,47,medium,0,7,historical_sample
sandton,Tuesday,10:00,passport_renewal,43,low,0,7,historical_sample
sandton,Tuesday,10:00,passport_new,44,low,0,7,historical_sample
sandton,Tuesday,10:00,id_replacement,51,medium,0,7,historical_sample
sandton,Tuesday,10:00,birth_registration,34,low,0,7,historical_sample
sandton,Tuesday,11:00,passport_renewal,37,low,0,7,historical_sample
sandton,Tuesday,11:00,id_application,37,low,0,7,historical_sample
sandton,Tuesday,11:00,id_replacement,47,medium,0,7,historical_sample
sandton,Tuesday,12:00,passport_renewal,31,low,0,7,historical_sample
sandton,Tuesday,12:00,passport_new,34,low,0,7,historical_sample
sandton,Tuesday,12:00,id_application,32,low,0,7,historical_sample
sandton,Tuesday,13:00,passport_renewal,33,low,0,7,historical_sample
sandton,Tuesday,13:00,passport_new,30,low,0,7,historical_sample
sandton,Tuesday,13:00,id_application,23,low,0,7,historical_sample
sandton,Tuesday,13:00,id_replacement,33,low,0,7,historical_sample
sandton,Tuesday,14:00,passport_renewal,29,low,0,7,historical_sample
sandton,Tuesday,14:00,passport_new,29,low,0,7,historical_sample
sandton,Tuesday,14:00,id_application,25,low,0,7,historical_sample
sandton,Tuesday,14:00,id_replacement,25,low,0,7,historical_sample
sandton,Tuesday,15:00,passport_renewal,40,low,0,7,historical_sample
sandton,Tuesday,15:00,id_application,39,low,0,7,historical_sample
jhb_cbd,Wednesday,08:00,passport_renewal,102,high,0,7,historical_sample
jhb_cbd,Wednesday,08:00,id_replacement,83,high,0,7,historical_sample
jhb_cbd,Wednesday,08:00,birth_registration,80,high,0,7,historical_sample
jhb_cbd,Wednesday,09:00,id_replacement,78,medium,0,7,historical_sample
jhb_cbd,Wednesday,10:00,passport_new,82,high,0,7,historical_sample
jhb_cbd,Wednesday,10:00,id_replacement,69,medium,0,7,historical_sample
jhb_cbd,Wednesday,11:00,passport_new,73,medium,0,7,historical_sample
jhb_cbd,Wednesday,11:00,id_application,50,medium,0,7,historical_sample
jhb_cbd,Wednesday,11:00,id_replacement,66,medium,0,7,historical_sample
jhb_cbd,Wednesday,12:00,passport_renewal,56,medium,0,7,historical_sample
jhb_cbd,Wednesday,12:00,id_application,46,medium,0,7,historical_sample
jhb_cbd,Wednesday,12:00,birth_registration,40,low,0,7,historical_sample
jhb_cbd,Wednesday,13:00,id_replacement,49,medium,0,7,historical_sample
jhb_cbd,Wednesday,14:00,passport_new,42,low,0,7,historical_sample
jhb_cbd,Wednesday,14:00,id_application,40,low,0,7,historical_sample
jhb_cbd,Wednesday,14:00,id_replacement,36,low,0,7,historical_sample
jhb_cbd,Wednesday,15:00,passport_renewal,50,medium,0,7,historical_sample
jhb_cbd,Wednesday,15:00,passport_new,58,medium,0,7,historical_sample
jhb_cbd,Wednesday,15:00,birth_registration,45,medium,0,7,historical_sample
soweto,Wednesday,08:00,passport_new,74,medium,0,7,historical_sample
soweto,Wednesday,08:00,id_application,59,medium,0,7,historical_sample
soweto,Wednesday,08:00,id_replacement,79,medium,0,7,historical_sample
soweto,Wednesday,09:00,passport_new,62,medium,0,7,historical_sample
soweto,Wednesday,09:00,birth_registration,50,medium,0,7,historical_sample
soweto,Wednesday,10:00,passport_renewal,48,medium,0,7,historical_sample
soweto,Wednesday,10:00,id_application,41,low,0,7,historical_sample
soweto,Wednesday,11:00,id_application,39,low,0,7,historical_sample
soweto,Wednesday,11:00,birth_registration,41,low,0,7,historical_sample
soweto,Wednesday,12:00,passport_renewal,38,low,0,7,historical_sample
soweto,Wednesday,12:00,id_application,34,low,0,7,historical_sample
soweto,Wednesday,12:00,id_replacement,40,low,0,7,historical_sample
soweto,Wednesday,12:00,birth_registration,39,low,0,7,historical_sample
soweto,Wednesday,13:00,id_application,30,low,0,7,historical_sample
soweto,Wednesday,13:00,id_replacement,31,low,0,7,historical_sample
soweto,Wednesday,13:00,birth_registration,26,low,0,7,historical_sample
soweto,Wednesday,14:00,passport_renewal,32,low,0,7,historical_sample
soweto,Wednesday,14:00,id_application,24,low,0,7,historical_sample
soweto,Wednesday,14:00,id_replacement,29,low,0,7,historical_sample
soweto,Wednesday,14:00,birth_registration,26,low,0,7,historical_sample
soweto,Wednesday,15:00,passport_renewal,35,low,0,7,historical_sample
soweto,Wednesday,15:00,passport_new,39,low,0,7,historical_sample
soweto,Wednesday,15:00,id_application,38,low,0,7,historical_sample
soweto,Wednesday,15:00,id_replacement,41,low,0,7,historical_sample
soweto,Wednesday,15:00,birth_registration,35,low,0,7,historical_sample
randburg,Wednesday,08:00,passport_new,61,medium,0,7,historical_sample
randburg,Wednesday,08:00,id_application,62,medium,0,7,historical_sample
randburg,Wednesday,08:00,id_replacement,59,medium,0,7,historical_sample
randburg,Wednesday,08:00,birth_registration,62,medium,0,7,historical_sample
randburg,Wednesday,09:00,passport_renewal,55,medium,0,7,historical_sample
randburg,Wednesday,09:00,passport_new,51,medium,0,7,historical_sample
randburg,Wednesday,09:00,id_application,54,medium,0,7,historical_sample
randburg,Wednesday,09:00,birth_registration,42,low,0,7,historical_sample
randburg,Wednesday,10:00,passport_new,44,low,0,7,historical_sample
randburg,Wednesday,10:00,id_replacement,45,medium,0,7,historical_sample
randburg,Wednesday,11:00,passport_new,37,low,0,7,historical_sample
randburg,Wednesday,11:00,id_application,36,low,0,7,historical_sample
randburg,Wednesday,11:00,birth_registration,38,low,0,7,historical_sample
randburg,Wednesday,12:00,passport_new,40,low,0,7,historical_sample
randburg,Wednesday,12:00,id_application,29,low,0,7,historical_sample
randburg,Wednesday,12:00,id_replacement,33,low,0,7,historical_sample
randburg,Wednesday,13:00,passport_renewal,29,low,0,7,historical_sample
randburg,Wednesday,13:00,id_replacement,27,low,0,7,historical_sample
randburg,Wednesday,14:00,passport_new,30,low,0,7,historical_sample
randburg,Wednesday,14:00,id_application,23,low,0,7,historical_sample
randburg,Wednesday,14:00,id_replacement,28,low,0,7,historical_sample
randburg,Wednesday,15:00,passport_renewal,40,low,0,7,historical_sample
randburg,Wednesday,15:00,passport_new,39,low,0,7,historical_sample
randburg,Wednesday,15:00,id_replacement,43,low,0,7,historical_sample
pta_cbd,Wednesday,08:00,passport_renewal,84,high,0,7,historical_sample
pta_cbd,Wednesday,08:00,id_application,85,high,0,7,historical_sample
pta_cbd,Wednesday,08:00,id_replacement,86,high,0,7,historical_sample
pta_cbd,Wednesday,08:00,birth_registration,83,high,0,7,historical_sample
pta_cbd,Wednesday,09:00,passport_renewal,81,high,0,7,historical_sample
pta_cbd,Wednesday,09:00,passport_new,83,high,0,7,historical_sample
pta_cbd,Wednesday,09:00,id_application,78,medium,0,7,historical_sample
pta_cbd,Wednesday,09:00,id_replacement,89,high,0,7,historical_sample
pta_cbd,Wednesday,10:00,passport_renewal,76,medium,0,7,historical_sample
pta_cbd,Wednesday,10:00,passport_new,92,high,0,7,historical_sample
pta_cbd,Wednesday,10:00,id_application,81,high,0,7,historical_sample
pta_cbd,Wednesday,10:00,id_replacement,84,high,0,7,historical_sample
pta_cbd,Wednesday,10:00,birth_registration,69,medium,0,7,historical_sample
pta_cbd,Wednesday,11:00,passport_renewal,72,medium,0,7,historical_sample
pta_cbd,Wednesday,11:00,passport_new,74,medium,0,7,historical_sample
pta_cbd,Wednesday,11:00,id_application,60,medium,0,7,historical_sample
pta_cbd,Wednesday,11:00,birth_registration,59,medium,0,7,historical_sample
pta_cbd,Wednesday,12:00,passport_renewal,60,medium,0,7,historical_sample
pta_cbd,Wednesday,12:00,id_application,62,medium,0,7,historical_sample
pta_cbd,Wednesday,12:00,id_replacement,57,medium,0,7,historical_sample
pta_cbd,Wednesday,13:00,passport_renewal,44,low,0,7,historical_sample
pta_cbd,Wednesday,13:00,passport_new,57,medium,0,7,historical_sample
pta_cbd,Wednesday,14:00,passport_renewal,39,low,0,7,historical_sample
pta_cbd,Wednesday,14:00,passport_new,48,medium,0,7,historical_sample
pta_cbd,Wednesday,14:00,birth_registration,33,low,0,7,historical_sample
pta_cbd,Wednesday,15:00,passport_renewal,52,medium,0,7,historical_sample
pta_cbd,Wednesday,15:00,passport_new,71,medium,0,7,historical_sample
pta_cbd,Wednesday,15:00,id_application,60,medium,0,7,historical_sample
pta_cbd,Wednesday,15:00,id_replacement,68,medium,0,7,historical_sample
pta_cbd,Wednesday,15:00,birth_registration,51,medium,0,7,historical_sample
sandton,Wednesday,08:00,passport_renewal,58,medium,0,7,historical_sample
sandton,Wednesday,08:00,passport_new,62,medium,0,7,historical_sample
sandton,Wednesday,08:00,birth_registration,42,low,0,7,historical_sample
sandton,Wednesday,09:00,passport_renewal,52,medium,0,7,historical_sample
sandton,Wednesday,09:00,id_application,49,medium,0,7,historical_sample
sandton,Wednesday,09:00,birth_registration,37,low,0,7,historical_sample
sandton,Wednesday,10:00,passport_new,50,medium,0,7,historical_sample
sandton,Wednesday,10:00,id_replacement,35,low,0,7,historical_sample
sandton,Wednesday,10:00,birth_registration,39,low,0,7,historical_sample
sandton,Wednesday,11:00,passport_new,44,low,0,7,historical_sample
sandton,Wednesday,11:00,id_application,38,low,0,7,historical_sample
sandton,Wednesday,11:00,id_replacement,42,low,0,7,historical_sample
sandton,Wednesday,11:00,birth_registration,35,low,0,7,historical_sample
sandton,Wednesday,12:00,passport_renewal,26,low,0,7,historical_sample
sandton,Wednesday,12:00,passport_new,33,low,0,7,historical_sample
sandton,Wednesday,12:00,id_application,25,low,0,7,historical_sample
sandton,Wednesday,12:00,id_replacement,29,low,0,7,historical_sample
sandton,Wednesday,13:00,passport_renewal,23,low,0,7,historical_sample
sandton,Wednesday,13:00,passport_new,32,low,0,7,historical_sample
sandton,Wednesday,13:00,birth_registration,22,low,0,7,historical_sample
sandton,Wednesday,14:00,passport_renewal,25,low,0,7,historical_sample
sandton,Wednesday,14:00,passport_new,25,low,0,7,historical_sample
sandton,Wednesday,14:00,birth_registration,19,low,0,7,historical_sample
sandton,Wednesday,15:00,passport_renewal,37,low,0,7,historical_sample
sandton,Wednesday,15:00,passport_new,39,low,0,7,historical_sample
sandton,Wednesday,15:00,id_replacement,30,low,0,7,historical_sample
sandton,Wednesday,15:00,birth_registration,27,low,0,7,historical_sample
jhb_cbd,Thursday,08:00,passport_renewal,89,high,0,7,historical_sample
jhb_cbd,Thursday,08:00,passport_new,85,high,0,7,historical_sample
jhb_cbd,Thursday,08:00,id_application,72,medium,0,7,historical_sample
jhb_cbd,Thursday,08:00,birth_registration,69,medium,0,7,historical_sample
jhb_cbd,Thursday,09:00,birth_registration,62,medium,0,7,historical_sample
jhb_cbd,Thursday,10:00,passport_new,69,medium,0,7,historical_sample
jhb_cbd,Thursday,10:00,id_application,65,medium,0,7,historical_sample
jhb_cbd,Thursday,10:00,birth_registration,59,medium,0,7,historical_sample
jhb_cbd,Thursday,11:00,passport_renewal,64,medium,0,7,historical_sample
jhb_cbd,Thursday,11:00,id_application,53,medium,0,7,historical_sample
jhb_cbd,Thursday,11:00,id_replacement,56,medium,0,7,historical_sample
jhb_cbd,Thursday,11:00,birth_registration,50,medium,0,7,historical_sample
jhb_cbd,Thursday,12:00,passport_renewal,53,medium,0,7,historical_sample
jhb_cbd,Thursday,12:00,id_application,47,medium,0,7,historical_sample
jhb_cbd,Thursday,12:00,id_replacement,56,medium,0,7,historical_sample
jhb_cbd,Thursday,13:00,passport_renewal,41,low,0,7,historical_sample
jhb_cbd,Thursday,13:00,passport_new,42,low,0,7,historical_sample
jhb_cbd,Thursday,13:00,id_replacement,42,low,0,7,historical_sample
jhb_cbd,Thursday,14:00,passport_renewal,34,low,0,7,historical_sample
jhb_cbd,Thursday,14:00,passport_new,40,low,0,7,historical_sample
jhb_cbd,Thursday,14:00,id_replacement,39,low,0,7,historical_sample
jhb_cbd,Thursday,14:00,birth_registration,27,low,0,7,historical_sample
jhb_cbd,Thursday,15:00,passport_renewal,47,medium,0,7,historical_sample
jhb_cbd,Thursday,15:00,passport_new,47,medium,0,7,historical_sample
jhb_cbd,Thursday,15:00,id_application,44,low,0,7,historical_sample
jhb_cbd,Thursday,15:00,id_replacement,47,medium,0,7,historical_sample
soweto,Thursday,08:00,passport_renewal,62,medium,0,7,historical_sample
soweto,Thursday,08:00,passport_new,67,medium,0,7,historical_sample
soweto,Thursday,08:00,id_application,65,medium,0,7,historical_sample
soweto,Thursday,08:00,birth_registration,53,medium,0,7,historical_sample
soweto,Thursday,09:00,passport_renewal,50,medium,0,7,historical_sample
soweto,Thursday,09:00,passport_new,66,medium,0,7,historical_sample
soweto,Thursday,09:00,id_application,57,medium,0,7,historical_sample
soweto,Thursday,09:00,id_replacement,55,medium,0,7,historical_sample
soweto,Thursday,09:00,birth_registration,55,medium,0,7,historical_sample
soweto,Thursday,10:00,passport_renewal,38,low,0,7,historical_sample
soweto,Thursday,10:00,passport_new,55,medium,0,7,historical_sample
soweto,Thursday,10:00,id_application,48,medium,0,7,historical_sample
soweto,Thursday,10:00,id_replacement,42,low,0,7,historical_sample
soweto,Thursday,10:00,birth_registration,43,low,0,7,historical_sample
soweto,Thursday,11:00,id_application,43,low,0,7,historical_sample
soweto,Thursday,11:00,birth_registration,39,low,0,7,historical_sample
soweto,Thursday,12:00,passport_renewal,32,low,0,7,historical_sample
soweto,Thursday,12:00,id_replacement,35,low,0,7,historical_sample
soweto,Thursday,13:00,birth_registration,31,low,0,7,historical_sample
soweto,Thursday,14:00,passport_renewal,26,low,0,7,historical_sample
soweto,Thursday,14:00,id_application,27,low,0,7,historical_sample
soweto,Thursday,14:00,id_replacement,31,low,0,7,historical_sample
soweto,Thursday,14:00,birth_registration,26,low,0,7,historical_sample
soweto,Thursday,15:00,passport_renewal,38,low,0,7,historical_sample
soweto,Thursday,15:00,id_replacement,33,low,0,7,historical_sample
soweto,Thursday,15:00,birth_registration,36,low,0,7,historical_sample
randburg,Thursday,08:00,passport_renewal,62,medium,0,7,historical_sample
randburg,Thursday,08:00,passport_new,62,medium,0,7,historical_sample
randburg,Thursday,08:00,id_replacement,65,medium,0,7,historical_sample
randburg,Thursday,08:00,birth_registration,48,medium,0,7,historical_sample
randburg,Thursday,09:00,passport_renewal,53,medium,0,7,historical_sample
randburg,Thursday,09:00,passport_new,51,medium,0,7,historical_sample
randburg,Thursday,09:00,id_application,48,medium,0,7,historical_sample
randburg,Thursday,09:00,id_replacement,58,medium,0,7,historical_sample
randburg,Thursday,09:00,birth_registration,39,low,0,7,historical_sample
randburg,Thursday,10:00,id_application,36,low,0,7,historical_sample
randburg,Thursday,10:00,id_replacement,41,low,0,7,historical_sample
randburg,Thursday,11:00,passport_renewal,39,low,0,7,historical_sample
randburg,Thursday,11:00,id_application,33,low,0,7,historical_sample
randburg,Thursday,11:00,birth_registration,35,low,0,7,historical_sample
randburg,Thursday,12:00,passport_renewal,27,low,0,7,historical_sample
randburg,Thursday,12:00,passport_new,30,low,0,7,historical_sample
randburg,Thursday,12:00,id_application,32,low,0,7,historical_sample
randburg,Thursday,13:00,passport_renewal,26,low,0,7,historical_sample
randburg,Thursday,13:00,passport_new,29,low,0,7,historical_sample
randburg,Thursday,13:00,id_application,24,low,0,7,historical_sample
randburg,Thursday,13:00,id_replacement,26,low,0,7,historical_sample
randburg,Thursday,14:00,passport_renewal,25,low,0,7,historical_sample
randburg,Thursday,14:00,passport_new,27,low,0,7,historical_sample
randburg,Thursday,14:00,id_application,23,low,0,7,historical_sample
randburg,Thursday,14:00,birth_registration,21,low,0,7,historical_sample
randburg,Thursday,15:00,passport_renewal,39,low,0,7,historical_sample
randburg,Thursday,15:00,passport_new,36,low,0,7,historical_sample
randburg,Thursday,15:00,id_application,29,low,0,7,historical_sample
randburg,Thursday,15:00,birth_registration,31,low,0,7,historical_sample
pta_cbd,Thursday,08:00,passport_new,105,high,0,7,historical_sample
pta_cbd,Thursday,08:00,id_application,73,medium,0,7,historical_sample
pta_cbd,Thursday,09:00,passport_renewal,77,medium,0,7,historical_sample
pta_cbd,Thursday,09:00,passport_new,94,high,0,7,historical_sample
pta_cbd,Thursday,10:00,passport_renewal,72,medium,0,7,historical_sample
pta_cbd,Thursday,10:00,id_application,58,medium,0,7,historical_sample
pta_cbd,Thursday,10:00,birth_registration,66,medium,0,7,historical_sample
pta_cbd,Thursday,11:00,passport_renewal,54,medium,0,7,historical_sample
pta_cbd,Thursday,11:00,passport_new,64,medium,0,7,historical_sample
pta_cbd,Thursday,11:00,birth_registration,58,medium,0,7,historical_sample
pta_cbd,Thursday,12:00,passport_renewal,50,medium,0,7,historical_sample
pta_cbd,Thursday,12:00,passport_new,62,medium,0,7,historical_sample
pta_cbd,Thursday,12:00,id_replacement,62,medium,0,7,historical_sample
pta_cbd,Thursday,12:00,birth_registration,48,medium,0,7,historical_sample
pta_cbd,Thursday,13:00,passport_renewal,43,low,0,7,historical_sample
pta_cbd,Thursday,13:00,passport_new,48,medium,0,7,historical_sample
pta_cbd,Thursday,13:00,id_application,48,medium,0,7,historical_sample
pta_cbd,Thursday,13:00,id_replacement,50,medium,0,7,historical_sample
pta_cbd,Thursday,13:00,birth_registration,38,low,0,7,historical_sample
pta_cbd,Thursday,14:00,passport_renewal,43,low,0,7,historical_sample
pta_cbd,Thursday,14:00,passport_new,38,low,0,7,historical_sample
pta_cbd,Thursday,14:00,id_application,35,low,0,7,historical_sample
pta_cbd,Thursday,14:00,id_replacement,47,medium,0,7,historical_sample
pta_cbd,Thursday,14:00,birth_registration,35,low,0,7,historical_sample
pta_cbd,Thursday,15:00,birth_registration,53,medium,0,7,historical_sample
sandton,Thursday,08:00,passport_new,52,medium,0,7,historical_sample
sandton,Thursday,08:00,id_application,50,medium,0,7,historical_sample
sandton,Thursday,08:00,id_replacement,55,medium,0,7,historical_sample
sandton,Thursday,08:00,birth_registration,41,low,0,7,historical_sample
sandton,Thursday,09:00,passport_renewal,46,medium,0,7,historical_sample
sandton,Thursday,09:00,passport_new,52,medium,0,7,historical_sample
sandton,Thursday,09:00,id_replacement,40,low,0,7,historical_sample
sandton,Thursday,09:00,birth_registration,36,low,0,7,historical_sample
sandton,Thursday,10:00,passport_new,47,medium,0,7,historical_sample
sandton,Thursday,11:00,id_replacement,39,low,0,7,historical_sample
sandton,Thursday,11:00,birth_registration,32,low,0,7,historical_sample
sandton,Thursday,12:00,passport_new,35,low,0,7,historical_sample
sandton,Thursday,13:00,passport_renewal,24,low,0,7,historical_sample
sandton,Thursday,13:00,passport_new,25,low,0,7,historical_sample
sandton,Thursday,13:00,id_application,25,low,0,7,historical_sample
sandton,Thursday,14:00,passport_renewal,25,low,0,7,historical_sample
sandton,Thursday,14:00,passport_new,25,low,0,7,historical_sample
sandton,Thursday,14:00,birth_registration,19,low,0,7,historical_sample
sandton,Thursday,15:00,id_application,25,low,0,7,historical_sample
sandton,Thursday,15:00,id_replacement,29,low,0,7,historical_sample
sandton,Thursday,15:00,birth_registration,27,low,0,7,historical_sample
jhb_cbd,Friday,08:00,passport_renewal,97,high,0,7,historical_sample
jhb_cbd,Friday,08:00,passport_new,127,high,0,7,historical_sample
jhb_cbd,Friday,08:00,id_application,99,high,0,7,historical_sample
jhb_cbd,Friday,08:00,id_replacement,106,high,0,7,historical_sample
jhb_cbd,Friday,08:00,birth_registration,113,high,0,7,historical_sample
jhb_cbd,Friday,09:00,id_application,98,high,0,7,historical_sample
jhb_cbd,Friday,10:00,passport_renewal,96,high,0,7,historical_sample
jhb_cbd,Friday,10:00,passport_new,96,high,0,7,historical_sample
jhb_cbd,Friday,10:00,id_application,83,high,0,7,historical_sample
jhb_cbd,Friday,10:00,id_replacement,89,high,0,7,historical_sample
jhb_cbd,Friday,10:00,birth_registration,71,medium,0,7,historical_sample
jhb_cbd,Friday,11:00,passport_renewal,88,high,0,7,historical_sample
jhb_cbd,Friday,11:00,passport_new,81,high,0,7,historical_sample
jhb_cbd,Friday,11:00,id_application,71,medium,0,7,historical_sample
jhb_cbd,Friday,11:00,id_replacement,81,high,0,7,historical_sample
jhb_cbd,Friday,11:00,birth_registration,77,medium,0,7,historical_sample
jhb_cbd,Friday,12:00,passport_renewal,74,medium,0,7,historical_sample
jhb_cbd,Friday,12:00,id_replacement,65,medium,0,7,historical_sample
jhb_cbd,Friday,12:00,birth_registration,53,medium,0,7,historical_sample
jhb_cbd,Friday,13:00,passport_renewal,57,medium,0,7,historical_sample
jhb_cbd,Friday,13:00,passport_new,75,medium,0,7,historical_sample
jhb_cbd,Friday,13:00,id_application,59,medium,0,7,historical_sample
jhb_cbd,Friday,13:00,id_replacement,56,medium,0,7,historical_sample
jhb_cbd,Friday,13:00,birth_registration,62,medium,0,7,historical_sample
jhb_cbd,Friday,14:00,passport_renewal,51,medium,0,7,historical_sample
jhb_cbd,Friday,14:00,passport_new,50,medium,0,7,historical_sample
jhb_cbd,Friday,14:00,id_replacement,49,medium,0,7,historical_sample
jhb_cbd,Friday,15:00,passport_renewal,70,medium,0,7,historical_sample
jhb_cbd,Friday,15:00,passport_new,75,medium,0,7,historical_sample
jhb_cbd,Friday,15:00,id_application,69,medium,0,7,historical_sample
jhb_cbd,Friday,15:00,id_replacement,62,medium,0,7,historical_sample
jhb_cbd,Friday,15:00,birth_registration,66,medium,0,7,historical_sample
soweto,Friday,08:00,passport_new,104,high,0,7,historical_sample
soweto,Friday,08:00,birth_registration,68,medium,0,7,historical_sample
soweto,Friday,09:00,passport_renewal,66,medium,0,7,historical_sample
soweto,Friday,09:00,passport_new,90,high,0,7,historical_sample
soweto,Friday,09:00,id_application,78,medium,0,7,historical_sample
soweto,Friday,09:00,id_replacement,66,medium,0,7,historical_sample
soweto,Friday,09:00,birth_registration,61,medium,0,7,historical_sample
soweto,Friday,10:00,passport_renewal,53,medium,0,7,historical_sample
soweto,Friday,10:00,passport_new,75,medium,0,7,historical_sample
soweto,Friday,10:00,birth_registration,59,medium,0,7,historical_sample
soweto,Friday,11:00,passport_renewal,59,medium,0,7,historical_sample
soweto,Friday,11:00,id_application,47,medium,0,7,historical_sample
soweto,Friday,11:00,id_replacement,50,medium,0,7,historical_sample
soweto,Friday,11:00,birth_registration,50,medium,0,7,historical_sample
soweto,Friday,12:00,passport_renewal,41,low,0,7,historical_sample
soweto,Friday,12:00,passport_new,56,medium,0,7,historical_sample
soweto,Friday,12:00,id_replacement,55,medium,0,7,historical_sample
soweto,Friday,12:00,birth_registration,41,low,0,7,historical_sample
soweto,Friday,13:00,passport_renewal,42,low,0,7,historical_sample
soweto,Friday,13:00,passport_new,45,medium,0,7,historical_sample
soweto,Friday,14:00,passport_renewal,38,low,0,7,historical_sample
soweto,Friday,14:00,id_replacement,35,low,0,7,historical_sample
soweto,Friday,14:00,birth_registration,35,low,0,7,historical_sample
soweto,Friday,15:00,id_application,39,low,0,7,historical_sample
soweto,Friday,15:00,id_replacement,50,medium,0,7,historical_sample
randburg,Friday,08:00,id_application,80,high,0,7,historical_sample
randburg,Friday,08:00,id_replacement,83,high,0,7,historical_sample
randburg,Friday,08:00,birth_registration,75,medium,0,7,historical_sample
randburg,Friday,09:00,id_replacement,66,medium,0,7,historical_sample
randburg,Friday,10:00,passport_renewal,48,medium,0,7,historical_sample
randburg,Friday,10:00,passport_new,58,medium,0,7,historical_sample
randburg,Friday,10:00,id_application,48,medium,0,7,historical_sample
randburg,Friday,10:00,id_replacement,60,medium,0,7,historical_sample
randburg,Friday,11:00,passport_new,54,medium,0,7,historical_sample
randburg,Friday,12:00,passport_renewal,38,low,0,7,historical_sample
randburg,Friday,12:00,passport_new,49,medium,0,7,historical_sample
randburg,Friday,12:00,id_application,38,low,0,7,historical_sample
randburg,Friday,12:00,id_replacement,39,low,0,7,historical_sample
randburg,Friday,13:00,passport_new,37,low,0,7,historical_sample
randburg,Friday,13:00,id_application,37,low,0,7,historical_sample
randburg,Friday,13:00,id_replacement,34,low,0,7,historical_sample
randburg,Friday,13:00,birth_registration,29,low,0,7,historical_sample
randburg,Friday,14:00,passport_renewal,28,low,0,7,historical_sample
randburg,Friday,14:00,passport_new,35,low,0,7,historical_sample
randburg,Friday,15:00,passport_renewal,49,medium,0,7,historical_sample
randburg,Friday,15:00,passport_new,48,medium,0,7,historical_sample
randburg,Friday,15:00,id_application,48,medium,0,7,historical_sample
randburg,Friday,15:00,id_replacement,52,medium,0,7,historical_sample
randburg,Friday,15:00,birth_registration,44,low,0,7,historical_sample
pta_cbd,Friday,08:00,passport_renewal,110,high,0,7,historical_sample
pta_cbd,Friday,08:00,id_application,110,high,0,7,historical_sample
pta_cbd,Friday,09:00,passport_new,120,high,0,7,historical_sample
pta_cbd,Friday,09:00,id_application,114,high,0,7,historical_sample
pta_cbd,Friday,09:00,id_replacement,98,high,0,7,historical_sample
pta_cbd,Friday,09:00,birth_registration,89,high,0,7,historical_sample
pta_cbd,Friday,10:00,passport_new,111,high,0,7,historical_sample
pta_cbd,Friday,10:00,id_application,84,high,0,7,historical_sample
pta_cbd,Friday,10:00,id_replacement,99,high,0,7,historical_sample
pta_cbd,Friday,11:00,passport_renewal,85,high,0,7,historical_sample
pta_cbd,Friday,11:00,id_replacement,76,medium,0,7,historical_sample
pta_cbd,Friday,11:00,birth_registration,76,medium,0,7,historical_sample
pta_cbd,Friday,12:00,id_application,70,medium,0,7,historical_sample
pta_cbd,Friday,12:00,id_replacement,76,medium,0,7,historical_sample
pta_cbd,Friday,12:00,birth_registration,61,medium,0,7,historical_sample
pta_cbd,Friday,13:00,passport_renewal,59,medium,0,7,historical_sample
pta_cbd,Friday,13:00,birth_registration,54,medium,0,7,historical_sample
pta_cbd,Friday,14:00,passport_renewal,55,medium,0,7,historical_sample
pta_cbd,Friday,14:00,passport_new,65,medium,0,7,historical_sample
pta_cbd,Friday,14:00,id_replacement,61,medium,0,7,historical_sample
pta_cbd,Friday,15:00,passport_renewal,74,medium,0,7,historical_sample
pta_cbd,Friday,15:00,passport_new,67,medium,0,7,historical_sample
pta_cbd,Friday,15:00,id_application,70,medium,0,7,historical_sample
pta_cbd,Friday,15:00,id_replacement,68,medium,0,7,historical_sample
pta_cbd,Friday,15:00,birth_registration,65,medium,0,7,historical_sample
sandton,Friday,08:00,passport_renewal,62,medium,0,7,historical_sample
sandton,Friday,08:00,passport_new,67,medium,0,7,historical_sample
sandton,Friday,08:00,id_replacement,65,medium,0,7,historical_sample
sandton,Friday,08:00,birth_registration,67,medium,0,7,historical_sample
sandton,Friday,09:00,passport_renewal,59,medium,0,7,historical_sample
sandton,Friday,09:00,id_application,56,medium,0,7,historical_sample
sandton,Friday,10:00,passport_renewal,47,medium,0,7,historical_sample
sandton,Friday,10:00,passport_new,54,medium,0,7,historical_sample
sandton,Friday,10:00,id_application,48,medium,0,7,historical_sample
sandton,Friday,10:00,birth_registration,48,medium,0,7,historical_sample
sandton,Friday,11:00,passport_new,47,medium,0,7,historical_sample
sandton,Friday,11:00,id_application,38,low,0,7,historical_sample
sandton,Friday,11:00,birth_registration,41,low,0,7,historical_sample
sandton,Friday,12:00,id_application,39,low,0,7,historical_sample
sandton,Friday,12:00,id_replacement,41,low,0,7,historical_sample
sandton,Friday,13:00,passport_renewal,38,low,0,7,historical_sample
sandton,Friday,13:00,passport_new,40,low,0,7,historical_sample
sandton,Friday,13:00,id_application,29,low,0,7,historical_sample
sandton,Friday,13:00,id_replacement,34,low,0,7,historical_sample
sandton,Friday,13:00,birth_registration,28,low,0,7,historical_sample
sandton,Friday,14:00,id_application,30,low,0,7,historical_sample
sandton,Friday,14:00,id_replacement,30,low,0,7,historical_sample
sandton,Friday,14:00,birth_registration,26,low,0,7,historical_sample
sandton,Friday,15:00,passport_renewal,40,low,0,7,historical_sample
sandton,Friday,15:00,passport_new,44,low,0,7,historical_sample
sandton,Friday,15:00,id_application,45,medium,0,7,historical_sample
sandton,Friday,15:00,id_replacement,37,low,0,7,historical_sample
sandton,Friday,15:00,birth_registration,34,low,0,7,historical_sample
jhb_cbd,Monday,08:00,passport_renewal,111,high,0,8,historical_sample
jhb_cbd,Monday,08:00,passport_new,123,high,0,8,historical_sample
jhb_cbd,Monday,08:00,id_application,106,high,0,8,historical_sample
jhb_cbd,Monday,08:00,id_replacement,113,high,0,8,historical_sample
jhb_cbd,Monday,09:00,passport_renewal,117,high,0,8,historical_sample
jhb_cbd,Monday,09:00,birth_registration,101,high,0,8,historical_sample
jhb_cbd,Monday,10:00,passport_renewal,107,high,0,8,historical_sample
jhb_cbd,Monday,10:00,id_application,94,high,0,8,historical_sample
jhb_cbd,Monday,10:00,id_replacement,98,high,0,8,historical_sample
jhb_cbd,Monday,11:00,passport_renewal,78,medium,0,8,historical_sample
jhb_cbd,Monday,11:00,id_application,72,medium,0,8,historical_sample
jhb_cbd,Monday,11:00,id_replacement,96,high,0,8,historical_sample
jhb_cbd,Monday,12:00,passport_new,71,medium,0,8,historical_sample
jhb_cbd,Monday,12:00,id_application,63,medium,0,8,historical_sample
jhb_cbd,Monday,13:00,birth_registration,60,medium,0,8,historical_sample
jhb_cbd,Monday,14:00,passport_new,51,medium,0,8,historical_sample
jhb_cbd,Monday,14:00,id_replacement,45,medium,0,8,historical_sample
jhb_cbd,Monday,14:00,birth_registration,47,medium,0,8,historical_sample
jhb_cbd,Monday,15:00,passport_new,84,high,0,8,historical_sample
jhb_cbd,Monday,15:00,id_application,72,medium,0,8,historical_sample
jhb_cbd,Monday,15:00,birth_registration,61,medium,0,8,historical_sample
soweto,Monday,08:00,passport_new,102,high,0,8,historical_sample
soweto,Monday,08:00,id_replacement,78,medium,0,8,historical_sample
soweto,Monday,09:00,passport_renewal,72,medium,0,8,historical_sample
soweto,Monday,09:00,passport_new,71,medium,0,8,historical_sample
soweto,Monday,09:00,id_application,80,high,0,8,historical_sample
soweto,Monday,09:00,id_replacement,67,medium,0,8,historical_sample
soweto,Monday,09:00,birth_registration,58,medium,0,8,historical_sample
soweto,Monday,10:00,passport_renewal,68,medium,0,8,historical_sample
soweto,Monday,10:00,passport_new,68,medium,0,8,historical_sample
soweto,Monday,10:00,id_application,61,medium,0,8,historical_sample
soweto,Monday,10:00,id_replacement,66,medium,0,8,historical_sample
soweto,Monday,10:00,birth_registration,60,medium,0,8,historical_sample
soweto,Monday,11:00,passport_renewal,61,medium,0,8,historical_sample
soweto,Monday,11:00,passport_new,54,medium,0,8,historical_sample
soweto,Monday,11:00,id_application,55,medium,0,8,historical_sample
soweto,Monday,11:00,id_replacement,63,medium,0,8,historical_sample
soweto,Monday,11:00,birth_registration,49,medium,0,8,historical_sample
soweto,Monday,12:00,passport_new,61,medium,0,8,historical_sample
soweto,Monday,12:00,id_application,49,medium,0,8,historical_sample
soweto,Monday,12:00,birth_registration,42,low,0,8,historical_sample
soweto,Monday,13:00,passport_renewal,46,medium,0,8,historical_sample
soweto,Monday,13:00,passport_new,47,medium,0,8,historical_sample
soweto,Monday,13:00,id_replacement,39,low,0,8,historical_sample
soweto,Monday,13:00,birth_registration,33,low,0,8,historical_sample
soweto,Monday,14:00,passport_new,38,low,0,8,historical_sample
soweto,Monday,14:00,id_replacement,37,low,0,8,historical_sample
soweto,Monday,14:00,birth_registration,35,low,0,8,historical_sample
soweto,Monday,15:00,passport_renewal,51,medium,0,8,historical_sample
soweto,Monday,15:00,passport_new,61,medium,0,8,historical_sample
soweto,Monday,15:00,id_application,42,low,0,8,historical_sample
soweto,Monday,15:00,id_replacement,47,medium,0,8,historical_sample
randburg,Monday,08:00,passport_new,98,high,0,8,historical_sample
randburg,Monday,08:00,id_application,78,medium,0,8,historical_sample
randburg,Monday,08:00,id_replacement,80,high,0,8,historical_sample
randburg,Monday,09:00,id_replacement,67,medium,0,8,historical_sample
randburg,Monday,09:00,birth_registration,56,medium,0,8,historical_sample
randburg,Monday,10:00,passport_renewal,50,medium,0,8,historical_sample
randburg,Monday,10:00,passport_new,60,medium,0,8,historical_sample
randburg,Monday,10:00,id_application,51,medium,0,8,historical_sample
randburg,Monday,10:00,id_replacement,63,medium,0,8,historical_sample
randburg,Monday,10:00,birth_registration,48,medium,0,8,historical_sample
randburg,Monday,11:00,passport_renewal,48,medium,0,8,historical_sample
randburg,Monday,11:00,id_application,51,medium,0,8,historical_sample
randburg,Monday,12:00,passport_renewal,46,medium,0,8,historical_sample
randburg,Monday,12:00,id_application,36,low,0,8,historical_sample
randburg,Monday,12:00,id_replacement,47,medium,0,8,historical_sample
randburg,Monday,12:00,birth_registration,37,low,0,8,historical_sample
randburg,Monday,13:00,passport_new,44,low,0,8,historical_sample
randburg,Monday,13:00,id_application,33,low,0,8,historical_sample
randburg,Monday,13:00,birth_registration,28,low,0,8,historical_sample
randburg,Monday,14:00,passport_renewal,33,low,0,8,historical_sample
randburg,Monday,14:00,passport_new,36,low,0,8,historical_sample
randburg,Monday,14:00,id_application,36,low,0,8,historical_sample
randburg,Monday,14:00,id_replacement,40,low,0,8,historical_sample
randburg,Monday,15:00,passport_renewal,41,low,0,8,historical_sample
randburg,Monday,15:00,passport_new,50,medium,0,8,historical_sample
randburg,Monday,15:00,id_application,51,medium,0,8,historical_sample
randburg,Monday,15:00,birth_registration,40,low,0,8,historical_sample
pta_cbd,Monday,08:00,id_application,105,high,0,8,historical_sample
pta_cbd,Monday,08:00,birth_registration,121,high,0,8,historical_sample
pta_cbd,Monday,09:00,passport_new,137,high,0,8,historical_sample
pta_cbd,Monday,09:00,id_application,102,high,0,8,historical_sample
pta_cbd,Monday,09:00,id_replacement,105,high,0,8,historical_sample
pta_cbd,Monday,10:00,passport_renewal,113,high,0,8,historical_sample
pta_cbd,Monday,10:00,passport_new,120,high,0,8,historical_sample
pta_cbd,Monday,10:00,id_replacement,92,high,0,8,historical_sample
pta_cbd,Monday,11:00,passport_renewal,82,high,0,8,historical_sample
pta_cbd,Monday,11:00,passport_new,108,high,0,8,historical_sample
pta_cbd,Monday,11:00,birth_registration,74,medium,0,8,historical_sample
pta_cbd,Monday,12:00,passport_renewal,64,medium,0,8,historical_sample
pta_cbd,Monday,12:00,passport_new,92,high,0,8,historical_sample
pta_cbd,Monday,12:00,id_replacement,81,high,0,8,historical_sample
pta_cbd,Monday,12:00,birth_registration,60,medium,0,8,historical_sample
pta_cbd,Monday,13:00,passport_new,66,medium,0,8,historical_sample
pta_cbd,Monday,13:00,id_application,57,medium,0,8,historical_sample
pta_cbd,Monday,13:00,id_replacement,82,high,0,8,historical_sample
pta_cbd,Monday,13:00,birth_registration,62,medium,0,8,historical_sample
pta_cbd,Monday,14:00,passport_new,64,medium,0,8,historical_sample
pta_cbd,Monday,14:00,id_replacement,66,medium,0,8,historical_sample
pta_cbd,Monday,15:00,passport_renewal,71,medium,0,8,historical_sample
pta_cbd,Monday,15:00,passport_new,87,high,0,8,historical_sample
pta_cbd,Monday,15:00,id_application,76,medium,0,8,historical_sample
pta_cbd,Monday,15:00,id_replacement,71,medium,0,8,historical_sample
sandton,Monday,08:00,passport_new,69,medium,0,8,historical_sample
sandton,Monday,08:00,birth_registration,69,medium,0,8,historical_sample
sandton,Monday,09:00,id_replacement,62,medium,0,8,historical_sample
sandton,Monday,09:00,birth_registration,59,medium,0,8,historical_sample
sandton,Monday,10:00,passport_renewal,53,medium,0,8,historical_sample
sandton,Monday,10:00,passport_new,62,medium,0,8,historical_sample
sandton,Monday,10:00,id_replacement,57,medium,0,8,historical_sample
sandton,Monday,10:00,birth_registration,53,medium,0,8,historical_sample
sandton,Monday,11:00,passport_new,50,medium,0,8,historical_sample
sandton,Monday,12:00,id_application,34,low,0,8,historical_sample
sandton,Monday,12:00,birth_registration,35,low,0,8,historical_sample
sandton,Monday,13:00,passport_new,42,low,0,8,historical_sample
sandton,Monday,13:00,id_application,32,low,0,8,historical_sample
sandton,Monday,13:00,birth_registration,31,low,0,8,historical_sample
sandton,Monday,14:00,id_application,33,low,0,8,historical_sample
sandton,Monday,14:00,birth_registration,26,low,0,8,historical_sample
sandton,Monday,15:00,passport_renewal,43,low,0,8,historical_sample
sandton,Monday,15:00,passport_new,50,medium,0,8,historical_sample
sandton,Monday,15:00,id_application,39,low,0,8,historical_sample
sandton,Monday,15:00,id_replacement,39,low,0,8,historical_sample
sandton,Monday,15:00,birth_registration,41,low,0,8,historical_sample
jhb_cbd,Tuesday,08:00,passport_renewal,88,high,0,8,historical_sample
jhb_cbd,Tuesday,08:00,id_application,83,high,0,8,historical_sample
jhb_cbd,Tuesday,08:00,id_replacement,98,high,0,8,historical_sample
jhb_cbd,Tuesday,08:00,birth_registration,84,high,0,8,historical_sample
jhb_cbd,Tuesday,09:00,passport_renewal,102,high,0,8,historical_sample
jhb_cbd,Tuesday,09:00,id_application,84,high,0,8,historical_sample
jhb_cbd,Tuesday,09:00,id_replacement,106,high,0,8,historical_sample
jhb_cbd,Tuesday,09:00,birth_registration,72,medium,0,8,historical_sample
jhb_cbd,Tuesday,10:00,passport_renewal,72,medium,0,8,historical_sample
jhb_cbd,Tuesday,10:00,id_application,71,medium,0,8,historical_sample
jhb_cbd,Tuesday,10:00,id_replacement,74,medium,0,8,historical_sample
jhb_cbd,Tuesday,10:00,birth_registration,71,medium,0,8,historical_sample
jhb_cbd,Tuesday,11:00,passport_renewal,65,medium,0,8,historical_sample
jhb_cbd,Tuesday,11:00,id_application,65,medium,0,8,historical_sample
jhb_cbd,Tuesday,11:00,id_replacement,63,medium,0,8,historical_sample
jhb_cbd,Tuesday,12:00,passport_renewal,59,medium,0,8,historical_sample
jhb_cbd,Tuesday,12:00,passport_new,68,medium,0,8,historical_sample
jhb_cbd,Tuesday,12:00,id_replacement,62,medium,0,8,historical_sample
jhb_cbd,Tuesday,12:00,birth_registration,48,medium,0,8,historical_sample
jhb_cbd,Tuesday,13:00,passport_renewal,59,medium,0,8,historical_sample
jhb_cbd,Tuesday,13:00,id_application,56,medium,0,8,historical_sample
jhb_cbd,Tuesday,13:00,id_replacement,54,medium,0,8,historical_sample
jhb_cbd,Tuesday,14:00,passport_renewal,35,low,0,8,historical_sample
jhb_cbd,Tuesday,14:00,id_application,37,low,0,8,historical_sample
jhb_cbd,Tuesday,14:00,id_replacement,45,medium,0,8,historical_sample
jhb_cbd,Tuesday,14:00,birth_registration,32,low,0,8,historical_sample
jhb_cbd,Tuesday,15:00,passport_renewal,51,medium,0,8,historical_sample
jhb_cbd,Tuesday,15:00,passport_new,68,medium,0,8,historical_sample
jhb_cbd,Tuesday,15:00,id_application,62,medium,0,8,historical_sample
jhb_cbd,Tuesday,15:00,birth_registration,54,medium,0,8,historical_sample
soweto,Tuesday,08:00,passport_renewal,66,medium,0,8,historical_sample
soweto,Tuesday,08:00,passport_new,70,medium,0,8,historical_sample
soweto,Tuesday,08:00,id_application,65,medium,0,8,historical_sample
soweto,Tuesday,08:00,id_replacement,68,medium,0,8,historical_sample
soweto,Tuesday,08:00,birth_registration,74,medium,0,8,historical_sample
soweto,Tuesday,09:00,passport_new,72,medium,0,8,historical_sample
soweto,Tuesday,09:00,id_application,51,medium,0,8,historical_sample
soweto,Tuesday,10:00,passport_new,57,medium,0,8,historical_sample
soweto,Tuesday,10:00,id_application,46,medium,0,8,historical_sample
soweto,Tuesday,10:00,birth_registration,46,medium,0,8,historical_sample
soweto,Tuesday,11:00,passport_new,58,medium,0,8,historical_sample
soweto,Tuesday,11:00,birth_registration,41,low,0,8,historical_sample
soweto,Tuesday,12:00,passport_renewal,37,low,0,8,historical_sample
soweto,Tuesday,12:00,passport_new,47,medium,0,8,historical_sample
soweto,Tuesday,12:00,id_application,42,low,0,8,historical_sample
soweto,Tuesday,12:00,id_replacement,47,medium,0,8,historical_sample
soweto,Tuesday,13:00,passport_new,41,low,0,8,historical_sample
soweto,Tuesday,13:00,id_application,33,low,0,8,historical_sample
soweto,Tuesday,13:00,id_replacement,40,low,0,8,historical_sample
soweto,Tuesday,13:00,birth_registration,37,low,0,8,historical_sample
soweto,Tuesday,14:00,passport_renewal,32,low,0,8,historical_sample
soweto,Tuesday,14:00,passport_new,32,low,0,8,historical_sample
soweto,Tuesday,14:00,id_application,27,low,0,8,historical_sample
soweto,Tuesday,14:00,birth_registration,27,low,0,8,historical_sample
soweto,Tuesday,15:00,passport_renewal,48,medium,0,8,historical_sample
soweto,Tuesday,15:00,id_replacement,40,low,0,8,historical_sample
soweto,Tuesday,15:00,birth_registration,38,low,0,8,historical_sample
randburg,Tuesday,08:00,passport_renewal,60,medium,0,8,historical_sample
randburg,Tuesday,08:00,passport_new,79,medium,0,8,historical_sample
randburg,Tuesday,08:00,id_application,71,medium,0,8,historical_sample
randburg,Tuesday,08:00,id_replacement,72,medium,0,8,historical_sample
randburg,Tuesday,08:00,birth_registration,59,medium,0,8,historical_sample
randburg,Tuesday,09:00,passport_renewal,59,medium,0,8,historical_sample
randburg,Tuesday,09:00,passport_new,72,medium,0,8,historical_sample
randburg,Tuesday,09:00,id_application,48,medium,0,8,historical_sample
randburg,Tuesday,09:00,id_replacement,58,medium,0,8,historical_sample
randburg,Tuesday,09:00,birth_registration,58,medium,0,8,historical_sample
randburg,Tuesday,10:00,passport_renewal,45,medium,0,8,historical_sample
randburg,Tuesday,10:00,passport_new,49,medium,0,8,historical_sample
randburg,Tuesday,10:00,id_application,49,medium,0,8,historical_sample
randburg,Tuesday,10:00,id_replacement,49,medium,0,8,historical_sample
randburg,Tuesday,10:00,birth_registration,46,medium,0,8,historical_sample
randburg,Tuesday,11:00,passport_renewal,45,medium,0,8,historical_sample
randburg,Tuesday,11:00,passport_new,39,low,0,8,historical_sample
randburg,Tuesday,11:00,id_application,34,low,0,8,historical_sample
randburg,Tuesday,11:00,id_replacement,38,low,0,8,historical_sample
randburg,Tuesday,11:00,birth_registration,41,low,0,8,historical_sample
randburg,Tuesday,12:00,passport_renewal,40,low,0,8,historical_sample
randburg,Tuesday,12:00,id_application,33,low,0,8,historical_sample
randburg,Tuesday,12:00,id_replacement,35,low,0,8,historical_sample
randburg,Tuesday,12:00,birth_registration,28,low,0,8,historical_sample
randburg,Tuesday,13:00,passport_renewal,36,low,0,8,historical_sample
randburg,Tuesday,13:00,id_application,27,low,0,8,historical_sample
randburg,Tuesday,13:00,id_replacement,33,low,0,8,historical_sample
randburg,Tuesday,14:00,passport_renewal,28,low,0,8,historical_sample
randburg,Tuesday,14:00,passport_new,35,low,0,8,historical_sample
randburg,Tuesday,14:00,id_application,26,low,0,8,historical_sample
randburg,Tuesday,14:00,id_replacement,33,low,0,8,historical_sample
randburg,Tuesday,14:00,birth_registration,24,low,0,8,historical_sample
randburg,Tuesday,15:00,passport_renewal,35,low,0,8,historical_sample
randburg,Tuesday,15:00,passport_new,45,medium,0,8,historical_sample
randburg,Tuesday,15:00,id_replacement,37,low,0,8,historical_sample
randburg,Tuesday,15:00,birth_registration,33,low,0,8,historical_sample
pta_cbd,Tuesday,08:00,passport_renewal,100,high,0,8,historical_sample
pta_cbd,Tuesday,08:00,passport_new,129,high,0,8,historical_sample
pta_cbd,Tuesday,08:00,id_application,113,high,0,8,historical_sample
pta_cbd,Tuesday,09:00,passport_renewal,106,high,0,8,historical_sample
pta_cbd,Tuesday,09:00,passport_new,105,high,0,8,historical_sample
pta_cbd,Tuesday,09:00,id_application,90,high,0,8,historical_sample
pta_cbd,Tuesday,09:00,id_replacement,105,high,0,8,historical_sample
pta_cbd,Tuesday,10:00,passport_new,102,high,0,8,historical_sample
pta_cbd,Tuesday,10:00,id_application,74,medium,0,8,historical_sample
pta_cbd,Tuesday,10:00,id_replacement,89,high,0,8,historical_sample
pta_cbd,Tuesday,10:00,birth_registration,85,high,0,8,historical_sample
pta_cbd,Tuesday,11:00,passport_new,88,high,0,8,historical_sample
pta_cbd,Tuesday,11:00,id_application,65,medium,0,8,historical_sample
pta_cbd,Tuesday,11:00,id_replacement,67,medium,0,8,historical_sample
pta_cbd,Tuesday,11:00,birth_registration,65,medium,0,8,historical_sample
pta_cbd,Tuesday,12:00,passport_new,72,medium,0,8,historical_sample
pta_cbd,Tuesday,12:00,id_replacement,72,medium,0,8,historical_sample
pta_cbd,Tuesday,12:00,birth_registration,52,medium,0,8,historical_sample
pta_cbd,Tuesday,13:00,passport_new,58,medium,0,8,historical_sample
pta_cbd,Tuesday,14:00,passport_renewal,52,medium,0,8,historical_sample
pta_cbd,Tuesday,14:00,passport_new,52,medium,0,8,historical_sample
pta_cbd,Tuesday,14:00,id_application,43,low,0,8,historical_sample
pta_cbd,Tuesday,14:00,id_replacement,50,medium,0,8,historical_sample
pta_cbd,Tuesday,14:00,birth_registration,47,medium,0,8,historical_sample
pta_cbd,Tuesday,15:00,passport_renewal,67,medium,0,8,historical_sample
pta_cbd,Tuesday,15:00,passport_new,79,medium,0,8,historical_sample
pta_cbd,Tuesday,15:00,id_application,55,medium,0,8,historical_sample
pta_cbd,Tuesday,15:00,id_replacement,74,medium,0,8,historical_sample
pta_cbd,Tuesday,15:00,birth_registration,53,medium,0,8,historical_sample
sandton,Tuesday,08:00,passport_renewal,65,medium,0,8,historical_sample
sandton,Tuesday,08:00,id_application,62,medium,0,8,historical_sample
sandton,Tuesday,08:00,birth_registration,46,medium,0,8,historical_sample
sandton,Tuesday,09:00,passport_renewal,56,medium,0,8,historical_sample
sandton,Tuesday,09:00,passport_new,57,medium,0,8,historical_sample
sandton,Tuesday,09:00,id_replacement,56,medium,0,8,historical_sample
sandton,Tuesday,09:00,birth_registration,50,medium,0,8,historical_sample
sandton,Tuesday,10:00,passport_renewal,44,low,0,8,historical_sample
sandton,Tuesday,10:00,passport_new,48,medium,0,8,historical_sample
sandton,Tuesday,10:00,id_application,36,low,0,8,historical_sample
sandton,Tuesday,10:00,id_replacement,46,medium,0,8,historical_sample
sandton,Tuesday,10:00,birth_registration,45,medium,0,8,historical_sample
sandton,Tuesday,11:00,passport_new,44,low,0,8,historical_sample
sandton,Tuesday,11:00,birth_registration,32,low,0,8,historical_sample
sandton,Tuesday,12:00,passport_renewal,29,low,0,8,historical_sample
sandton,Tuesday,12:00,passport_new,37,low,0,8,historical_sample
sandton,Tuesday,12:00,id_application,34,low,0,8,historical_sample
sandton,Tuesday,12:00,id_replacement,35,low,0,8,historical_sample
sandton,Tuesday,12:00,birth_registration,34,low,0,8,historical_sample
sandton,Tuesday,13:00,passport_renewal,26,low,0,8,historical_sample
sandton,Tuesday,13:00,passport_new,32,low,0,8,historical_sample
sandton,Tuesday,13:00,id_application,26,low,0,8,historical_sample
sandton,Tuesday,13:00,id_replacement,34,low,0,8,historical_sample
sandton,Tuesday,13:00,birth_registration,23,low,0,8,historical_sample
sandton,Tuesday,14:00,passport_renewal,27,low,0,8,historical_sample
sandton,Tuesday,14:00,id_replacement,29,low,0,8,historical_sample
sandton,Tuesday,14:00,birth_registration,20,low,0,8,historical_sample
sandton,Tuesday,15:00,passport_renewal,38,low,0,8,historical_sample
sandton,Tuesday,15:00,passport_new,43,low,0,8,historical_sample
sandton,Tuesday,15:00,id_application,32,low,0,8,historical_sample
sandton,Tuesday,15:00,id_replacement,41,low,0,8,historical_sample
jhb_cbd,Wednesday,08:00,passport_new,99,high,0,8,historical_sample
jhb_cbd,Wednesday,08:00,birth_registration,83,high,0,8,historical_sample
jhb_cbd,Wednesday,09:00,passport_renewal,78,medium,0,8,historical_sample
jhb_cbd,Wednesday,09:00,passport_new,94,high,0,8,historical_sample
jhb_cbd,Wednesday,10:00,passport_renewal,75,medium,0,8,historical_sample
jhb_cbd,Wednesday,10:00,passport_new,78,medium,0,8,historical_sample
jhb_cbd,Wednesday,10:00,id_replacement,68,medium,0,8,historical_sample
jhb_cbd,Wednesday,10:00,birth_registration,66,medium,0,8,historical_sample
jhb_cbd,Wednesday,11:00,passport_new,68,medium,0,8,historical_sample
jhb_cbd,Wednesday,11:00,id_replacement,74,medium,0,8,historical_sample
jhb_cbd,Wednesday,12:00,passport_renewal,47,medium,0,8,historical_sample
jhb_cbd,Wednesday,12:00,passport_new,57,medium,0,8,historical_sample
jhb_cbd,Wednesday,12:00,id_replacement,47,medium,0,8,historical_sample
jhb_cbd,Wednesday,12:00,birth_registration,47,medium,0,8,historical_sample
jhb_cbd,Wednesday,13:00,passport_renewal,53,medium,0,8,historical_sample
jhb_cbd,Wednesday,13:00,id_application,40,low,0,8,historical_sample
jhb_cbd,Wednesday,14:00,passport_renewal,42,low,0,8,historical_sample
jhb_cbd,Wednesday,14:00,passport_new,42,low,0,8,historical_sample
jhb_cbd,Wednesday,14:00,id_application,38,low,0,8,historical_sample
jhb_cbd,Wednesday,14:00,id_replacement,36,low,0,8,historical_sample
jhb_cbd,Wednesday,15:00,passport_renewal,44,low,0,8,historical_sample
jhb_cbd,Wednesday,15:00,id_application,56,medium,0,8,historical_sample
jhb_cbd,Wednesday,15:00,id_replacement,59,medium,0,8,historical_sample
soweto,Wednesday,08:00,id_replacement,78,medium,0,8,historical_sample
soweto,Wednesday,08:00,birth_registration,61,medium,0,8,historical_sample
soweto,Wednesday,09:00,passport_renewal,64,medium,0,8,historical_sample
soweto,Wednesday,09:00,passport_new,70,medium,0,8,historical_sample
soweto,Wednesday,09:00,id_application,52,medium,0,8,historical_sample
soweto,Wednesday,09:00,id_replacement,52,medium,0,8,historical_sample
soweto,Wednesday,09:00,birth_registration,48,medium,0,8,historical_sample
soweto,Wednesday,10:00,passport_renewal,43,low,0,8,historical_sample
soweto,Wednesday,10:00,passport_new,47,medium,0,8,historical_sample
soweto,Wednesday,10:00,id_application,43,low,0,8,historical_sample
soweto,Wednesday,10:00,id_replacement,56,medium,0,8,historical_sample
soweto,Wednesday,10:00,birth_registration,48,medium,0,8,historical_sample
soweto,Wednesday,11:00,passport_renewal,47,medium,0,8,historical_sample
soweto,Wednesday,11:00,id_application,42,low,0,8,historical_sample
soweto,Wednesday,11:00,birth_registration,39,low,0,8,historical_sample
soweto,Wednesday,12:00,passport_renewal,36,low,0,8,historical_sample
soweto,Wednesday,12:00,passport_new,38,low,0,8,historical_sample
soweto,Wednesday,12:00,id_replacement,36,low,0,8,historical_sample
soweto,Wednesday,12:00,birth_registration,33,low,0,8,historical_sample
soweto,Wednesday,13:00,passport_renewal,29,low,0,8,historical_sample
soweto,Wednesday,13:00,id_replacement,36,low,0,8,historical_sample
soweto,Wednesday,14:00,passport_renewal,30,low,0,8,historical_sample
soweto,Wednesday,14:00,passport_new,33,low,0,8,historical_sample
soweto,Wednesday,14:00,id_application,23,low,0,8,historical_sample
soweto,Wednesday,14:00,id_replacement,28,low,0,8,historical_sample
soweto,Wednesday,14:00,birth_registration,28,low,0,8,historical_sample
soweto,Wednesday,15:00,passport_renewal,39,low,0,8,historical_sample
soweto,Wednesday,15:00,passport_new,42,low,0,8,historical_sample
randburg,Wednesday,08:00,passport_renewal,53,medium,0,8,historical_sample
randburg,Wednesday,08:00,passport_new,75,medium,0,8,historical_sample
randburg,Wednesday,08:00,id_application,59,medium,0,8,historical_sample
randburg,Wednesday,08:00,birth_registration,58,medium,0,8,historical_sample
randburg,Wednesday,09:00,passport_renewal,45,medium,0,8,historical_sample
randburg,Wednesday,09:00,passport_new,64,medium,0,8,historical_sample
randburg,Wednesday,09:00,id_application,43,low,0,8,historical_sample
randburg,Wednesday,10:00,passport_renewal,36,low,0,8,historical_sample
randburg,Wednesday,10:00,passport_new,42,low,0,8,historical_sample
randburg,Wednesday,10:00,id_application,45,medium,0,8,historical_sample
randburg,Wednesday,11:00,passport_renewal,41,low,0,8,historical_sample
randburg,Wednesday,11:00,passport_new,47,medium,0,8,historical_sample
randburg,Wednesday,11:00,id_application,34,low,0,8,historical_sample
randburg,Wednesday,11:00,id_replacement,34,low,0,8,historical_sample
randburg,Wednesday,12:00,passport_new,40,low,0,8,historical_sample
randburg,Wednesday,12:00,id_application,32,low,0,8,historical_sample
randburg,Wednesday,12:00,id_replacement,36,low,0,8,historical_sample
randburg,Wednesday,13:00,passport_renewal,30,low,0,8,historical_sample
randburg,Wednesday,13:00,id_application,26,low,0,8,historical_sample
randburg,Wednesday,13:00,id_replacement,27,low,0,8,historical_sample
randburg,Wednesday,13:00,birth_registration,28,low,0,8,historical_sample
randburg,Wednesday,14:00,passport_renewal,27,low,0,8,historical_sample
randburg,Wednesday,14:00,passport_new,28,low,0,8,historical_sample
randburg,Wednesday,14:00,id_application,24,low,0,8,historical_sample
randburg,Wednesday,14:00,id_replacement,25,low,0,8,historical_sample
randburg,Wednesday,14:00,birth_registration,21,low,0,8,historical_sample
randburg,Wednesday,15:00,passport_renewal,35,low,0,8,historical_sample
randburg,Wednesday,15:00,id_replacement,35,low,0,8,historical_sample
randburg,Wednesday,15:00,birth_registration,36,low,0,8,historical_sample
pta_cbd,Wednesday,08:00,passport_renewal,96,high,0,8,historical_sample
pta_cbd,Wednesday,08:00,id_application,79,medium,0,8,historical_sample
pta_cbd,Wednesday,08:00,birth_registration,95,high,0,8,historical_sample
pta_cbd,Wednesday,09:00,passport_renewal,86,high,0,8,historical_sample
pta_cbd,Wednesday,09:00,passport_new,83,high,0,8,historical_sample
pta_cbd,Wednesday,09:00,id_application,80,high,0,8,historical_sample
pta_cbd,Wednesday,10:00,passport_renewal,68,medium,0,8,historical_sample
pta_cbd,Wednesday,10:00,passport_new,91,high,0,8,historical_sample
pta_cbd,Wednesday,10:00,id_replacement,78,medium,0,8,historical_sample
pta_cbd,Wednesday,11:00,passport_renewal,57,medium,0,8,historical_sample
pta_cbd,Wednesday,11:00,passport_new,79,medium,0,8,historical_sample
pta_cbd,Wednesday,12:00,passport_renewal,64,medium,0,8,historical_sample
pta_cbd,Wednesday,12:00,id_application,61,medium,0,8,historical_sample
pta_cbd,Wednesday,12:00,id_replacement,54,medium,0,8,historical_sample
pta_cbd,Wednesday,12:00,birth_registration,49,medium,0,8,historical_sample
pta_cbd,Wednesday,14:00,passport_renewal,41,low,0,8,historical_sample
pta_cbd,Wednesday,14:00,passport_new,40,low,0,8,historical_sample
pta_cbd,Wednesday,14:00,id_replacement,45,medium,0,8,historical_sample
pta_cbd,Wednesday,15:00,passport_renewal,49,medium,0,8,historical_sample
pta_cbd,Wednesday,15:00,passport_new,61,medium,0,8,historical_sample
pta_cbd,Wednesday,15:00,id_application,56,medium,0,8,historical_sample
pta_cbd,Wednesday,15:00,birth_registration,49,medium,0,8,historical_sample
sandton,Wednesday,08:00,id_replacement,55,medium,0,8,historical_sample
sandton,Wednesday,08:00,birth_registration,50,medium,0,8,historical_sample
sandton,Wednesday,09:00,id_application,45,medium,0,8,historical_sample
sandton,Wednesday,09:00,birth_registration,48,medium,0,8,historical_sample
sandton,Wednesday,10:00,passport_renewal,41,low,0,8,historical_sample
sandton,Wednesday,10:00,id_application,37,low,0,8,historical_sample
sandton,Wednesday,10:00,id_replacement,44,low,0,8,historical_sample
sandton,Wednesday,10:00,birth_registration,34,low,0,8,historical_sample
sandton,Wednesday,11:00,passport_renewal,35,low,0,8,historical_sample
sandton,Wednesday,11:00,passport_new,35,low,0,8,historical_sample
sandton,Wednesday,11:00,id_application,32,low,0,8,historical_sample
sandton,Wednesday,11:00,birth_registration,29,low,0,8,historical_sample
sandton,Wednesday,12:00,passport_renewal,34,low,0,8,historical_sample
sandton,Wednesday,12:00,passport_new,32,low,0,8,historical_sample
sandton,Wednesday,12:00,id_replacement,28,low,0,8,historical_sample
sandton,Wednesday,12:00,birth_registration,29,low,0,8,historical_sample
sandton,Wednesday,13:00,passport_renewal,24,low,0,8,historical_sample
sandton,Wednesday,13:00,passport_new,32,low,0,8,historical_sample
sandton,Wednesday,13:00,id_application,28,low,0,8,historical_sample
sandton,Wednesday,13:00,id_replacement,27,low,0,8,historical_sample
sandton,Wednesday,13:00,birth_registration,23,low,0,8,historical_sample
sandton,Wednesday,14:00,passport_renewal,22,low,0,8,historical_sample
sandton,Wednesday,14:00,id_application,24,low,0,8,historical_sample
sandton,Wednesday,15:00,id_application,33,low,0,8,historical_sample
sandton,Wednesday,15:00,id_replacement,39,low,0,8,historical_sample
sandton,Wednesday,15:00,birth_registration,32,low,0,8,historical_sample
jhb_cbd,Thursday,08:00,passport_renewal,89,high,0,8,historical_sample
jhb_cbd,Thursday,08:00,birth_registration,72,medium,0,8,historical_sample
jhb_cbd,Thursday,09:00,passport_renewal,82,high,0,8,historical_sample
jhb_cbd,Thursday,09:00,passport_new,72,medium,0,8,historical_sample
jhb_cbd,Thursday,09:00,id_replacement,72,medium,0,8,historical_sample
jhb_cbd,Thursday,09:00,birth_registration,69,medium,0,8,historical_sample
jhb_cbd,Thursday,10:00,passport_new,78,medium,0,8,historical_sample
jhb_cbd,Thursday,10:00,id_application,67,medium,0,8,historical_sample
jhb_cbd,Thursday,10:00,birth_registration,61,medium,0,8,historical_sample
jhb_cbd,Thursday,11:00,passport_new,69,medium,0,8,historical_sample
jhb_cbd,Thursday,11:00,id_replacement,60,medium,0,8,historical_sample
jhb_cbd,Thursday,11:00,birth_registration,46,medium,0,8,historical_sample
jhb_cbd,Thursday,12:00,passport_renewal,46,medium,0,8,historical_sample
jhb_cbd,Thursday,12:00,passport_new,56,medium,0,8,historical_sample
jhb_cbd,Thursday,12:00,id_application,52,medium,0,8,historical_sample
jhb_cbd,Thursday,12:00,id_replacement,56,medium,0,8,historical_sample
jhb_cbd,Thursday,13:00,passport_new,42,low,0,8,historical_sample
jhb_cbd,Thursday,13:00,id_application,40,low,0,8,historical_sample
jhb_cbd,Thursday,13:00,id_replacement,43,low,0,8,historical_sample
jhb_cbd,Thursday,14:00,passport_new,37,low,0,8,historical_sample
jhb_cbd,Thursday,14:00,id_application,35,low,0,8,historical_sample
jhb_cbd,Thursday,14:00,id_replacement,37,low,0,8,historical_sample
jhb_cbd,Thursday,14:00,birth_registration,30,low,0,8,historical_sample
jhb_cbd,Thursday,15:00,passport_new,60,medium,0,8,historical_sample
jhb_cbd,Thursday,15:00,id_replacement,52,medium,0,8,historical_sample
jhb_cbd,Thursday,15:00,birth_registration,39,low,0,8,historical_sample
soweto,Thursday,08:00,passport_renewal,62,medium,0,8,historical_sample
soweto,Thursday,08:00,passport_new,73,medium,0,8,historical_sample
soweto,Thursday,08:00,id_application,68,medium,0,8,historical_sample
soweto,Thursday,08:00,id_replacement,59,medium,0,8,historical_sample
soweto,Thursday,08:00,birth_registration,61,medium,0,8,historical_sample
soweto,Thursday,09:00,passport_new,57,medium,0,8,historical_sample
soweto,Thursday,09:00,birth_registration,53,medium,0,8,historical_sample
soweto,Thursday,10:00,passport_renewal,46,medium,0,8,historical_sample
soweto,Thursday,10:00,id_application,48,medium,0,8,historical_sample
soweto,Thursday,10:00,id_replacement,48,medium,0,8,historical_sample
soweto,Thursday,10:00,birth_registration,46,medium,0,8,historical_sample
soweto,Thursday,11:00,passport_renewal,35,low,0,8,historical_sample
soweto,Thursday,11:00,id_replacement,38,low,0,8,historical_sample
soweto,Thursday,11:00,birth_registration,39,low,0,8,historical_sample
soweto,Thursday,12:00,passport_renewal,40,low,0,8,historical_sample
soweto,Thursday,12:00,id_application,38,low,0,8,historical_sample
soweto,Thursday,12:00,birth_registration,35,low,0,8,historical_sample
soweto,Thursday,13:00,passport_new,33,low,0,8,historical_sample
soweto,Thursday,13:00,id_replacement,30,low,0,8,historical_sample
soweto,Thursday,14:00,passport_renewal,30,low,0,8,historical_sample
soweto,Thursday,14:00,passport_new,33,low,0,8,historical_sample
soweto,Thursday,15:00,passport_renewal,35,low,0,8,historical_sample
soweto,Thursday,15:00,id_application,36,low,0,8,historical_sample
soweto,Thursday,15:00,id_replacement,33,low,0,8,historical_sample
soweto,Thursday,15:00,birth_registration,28,low,0,8,historical_sample
randburg,Thursday,08:00,passport_renewal,60,medium,0,8,historical_sample
randburg,Thursday,08:00,passport_new,55,medium,0,8,historical_sample
randburg,Thursday,08:00,id_application,62,medium,0,8,historical_sample
randburg,Thursday,08:00,id_replacement,52,medium,0,8,historical_sample
randburg,Thursday,08:00,birth_registration,55,medium,0,8,historical_sample
randburg,Thursday,09:00,passport_new,60,medium,0,8,historical_sample
randburg,Thursday,09:00,id_application,45,medium,0,8,historical_sample
randburg,Thursday,09:00,birth_registration,47,medium,0,8,historical_sample
randburg,Thursday,10:00,passport_renewal,40,low,0,8,historical_sample
randburg,Thursday,10:00,id_application,43,low,0,8,historical_sample
randburg,Thursday,10:00,birth_registration,34,low,0,8,historical_sample
randburg,Thursday,11:00,passport_renewal,31,low,0,8,historical_sample
randburg,Thursday,11:00,passport_new,43,low,0,8,historical_sample
randburg,Thursday,11:00,birth_registration,29,low,0,8,historical_sample
randburg,Thursday,12:00,passport_renewal,34,low,0,8,historical_sample
randburg,Thursday,12:00,passport_new,29,low,0,8,historical_sample
randburg,Thursday,12:00,id_replacement,36,low,0,8,historical_sample
randburg,Thursday,12:00,birth_registration,25,low,0,8,historical_sample
randburg,Thursday,13:00,passport_renewal,30,low,0,8,historical_sample
randburg,Thursday,13:00,passport_new,33,low,0,8,historical_sample
randburg,Thursday,13:00,id_application,22,low,0,8,historical_sample
randburg,Thursday,13:00,birth_registration,22,low,0,8,historical_sample
randburg,Thursday,14:00,passport_renewal,22,low,0,8,historical_sample
randburg,Thursday,14:00,id_application,20,low,0,8,historical_sample
randburg,Thursday,14:00,id_replacement,24,low,0,8,historical_sample
randburg,Thursday,15:00,id_application,32,low,0,8,historical_sample
randburg,Thursday,15:00,birth_registration,31,low,0,8,historical_sample
pta_cbd,Thursday,08:00,id_application,94,high,0,8,historical_sample
pta_cbd,Thursday,09:00,birth_registration,83,high,0,8,historical_sample
pta_cbd,Thursday,10:00,passport_renewal,76,medium,0,8,historical_sample
pta_cbd,Thursday,10:00,birth_registration,58,medium,0,8,historical_sample
pta_cbd,Thursday,11:00,passport_renewal,64,medium,0,8,historical_sample
pta_cbd,Thursday,11:00,passport_new,69,medium,0,8,historical_sample
pta_cbd,Thursday,11:00,id_replacement,72,medium,0,8,historical_sample
pta_cbd,Thursday,11:00,birth_registration,57,medium,0,8,historical_sample
pta_cbd,Thursday,12:00,passport_renewal,61,medium,0,8,historical_sample
pta_cbd,Thursday,12:00,id_application,44,low,0,8,historical_sample
pta_cbd,Thursday,13:00,passport_renewal,51,medium,0,8,historical_sample
pta_cbd,Thursday,13:00,passport_new,47,medium,0,8,historical_sample
pta_cbd,Thursday,13:00,id_application,50,medium,0,8,historical_sample
pta_cbd,Thursday,13:00,birth_registration,39,low,0,8,historical_sample
pta_cbd,Thursday,14:00,passport_renewal,45,medium,0,8,historical_sample
pta_cbd,Thursday,14:00,passport_new,46,medium,0,8,historical_sample
pta_cbd,Thursday,14:00,id_application,33,low,0,8,historical_sample
pta_cbd,Thursday,14:00,birth_registration,35,low,0,8,historical_sample
pta_cbd,Thursday,15:00,passport_renewal,53,medium,0,8,historical_sample
pta_cbd,Thursday,15:00,passport_new,64,medium,0,8,historical_sample
pta_cbd,Thursday,15:00,id_replacement,51,medium,0,8,historical_sample
pta_cbd,Thursday,15:00,birth_registration,41,low,0,8,historical_sample
sandton,Thursday,08:00,passport_renewal,48,medium,0,8,historical_sample
sandton,Thursday,08:00,passport_new,61,medium,0,8,historical_sample
sandton,Thursday,08:00,id_application,53,medium,0,8,historical_sample
sandton,Thursday,08:00,id_replacement,58,medium,0,8,historical_sample
sandton,Thursday,08:00,birth_registration,39,low,0,8,historical_sample
sandton,Thursday,09:00,passport_renewal,43,low,0,8,historical_sample
sandton,Thursday,09:00,birth_registration,42,low,0,8,historical_sample
sandton,Thursday,10:00,passport_renewal,32,low,0,8,historical_sample
sandton,Thursday,10:00,passport_new,43,low,0,8,historical_sample
sandton,Thursday,10:00,id_replacement,35,low,0,8,historical_sample
sandton,Thursday,11:00,passport_renewal,30,low,0,8,historical_sample
sandton,Thursday,11:00,id_replacement,33,low,0,8,historical_sample
sandton,Thursday,11:00,birth_registration,31,low,0,8,historical_sample
sandton,Thursday,12:00,passport_new,33,low,0,8,historical_sample
sandton,Thursday,12:00,id_application,31,low,0,8,historical_sample
sandton,Thursday,12:00,birth_registration,22,low,0,8,historical_sample
sandton,Thursday,13:00,passport_renewal,21,low,0,8,historical_sample
sandton,Thursday,13:00,id_application,22,low,0,8,historical_sample
sandton,Thursday,13:00,birth_registration,24,low,0,8,historical_sample
sandton,Thursday,14:00,passport_renewal,19,low,0,8,historical_sample
sandton,Thursday,14:00,id_replacement,24,low,0,8,historical_sample
sandton,Thursday,14:00,birth_registration,17,low,0,8,historical_sample
sandton,Thursday,15:00,id_application,32,low,0,8,historical_sample
sandton,Thursday,15:00,id_replacement,31,low,0,8,historical_sample
sandton,Thursday,15:00,birth_registration,24,low,0,8,historical_sample
jhb_cbd,Friday,08:00,passport_renewal,111,high,0,8,historical_sample
jhb_cbd,Friday,08:00,birth_registration,96,high,0,8,historical_sample
jhb_cbd,Friday,09:00,passport_renewal,116,high,0,8,historical_sample
jhb_cbd,Friday,09:00,passport_new,114,high,0,8,historical_sample
jhb_cbd,Friday,09:00,id_application,91,high,0,8,historical_sample
jhb_cbd,Friday,10:00,passport_new,112,high,0,8,historical_sample
jhb_cbd,Friday,10:00,id_replacement,87,high,0,8,historical_sample
jhb_cbd,Friday,10:00,birth_registration,80,high,0,8,historical_sample
jhb_cbd,Friday,11:00,passport_renewal,66,medium,0,8,historical_sample
jhb_cbd,Friday,11:00,passport_new,75,medium,0,8,historical_sample
jhb_cbd,Friday,11:00,id_application,76,medium,0,8,historical_sample
jhb_cbd,Friday,11:00,birth_registration,72,medium,0,8,historical_sample
jhb_cbd,Friday,12:00,passport_renewal,75,medium,0,8,historical_sample
jhb_cbd,Friday,12:00,id_application,67,medium,0,8,historical_sample
jhb_cbd,Friday,12:00,id_replacement,64,medium,0,8,historical_sample
jhb_cbd,Friday,13:00,passport_renewal,52,medium,0,8,historical_sample
jhb_cbd,Friday,13:00,id_application,54,medium,0,8,historical_sample
jhb_cbd,Friday,13:00,id_replacement,62,medium,0,8,historical_sample
jhb_cbd,Friday,14:00,id_application,47,medium,0,8,historical_sample
jhb_cbd,Friday,14:00,id_replacement,55,medium,0,8,historical_sample
jhb_cbd,Friday,14:00,birth_registration,49,medium,0,8,historical_sample
jhb_cbd,Friday,15:00,passport_renewal,58,medium,0,8,historical_sample
jhb_cbd,Friday,15:00,passport_new,77,medium,0,8,historical_sample
jhb_cbd,Friday,15:00,id_replacement,64,medium,0,8,historical_sample
jhb_cbd,Friday,15:00,birth_registration,58,medium,0,8,historical_sample
soweto,Friday,08:00,passport_renewal,71,medium,0,8,historical_sample
soweto,Friday,08:00,birth_registration,81,high,0,8,historical_sample
soweto,Friday,09:00,passport_new,88,high,0,8,historical_sample
soweto,Friday,09:00,id_replacement,76,medium,0,8,historical_sample
soweto,Friday,09:00,birth_registration,69,medium,0,8,historical_sample
soweto,Friday,10:00,id_replacement,62,medium,0,8,historical_sample
soweto,Friday,11:00,passport_new,52,medium,0,8,historical_sample
soweto,Friday,11:00,id_application,52,medium,0,8,historical_sample
soweto,Friday,11:00,id_replacement,53,medium,0,8,historical_sample
soweto,Friday,11:00,birth_registration,49,medium,0,8,historical_sample
soweto,Friday,12:00,passport_renewal,50,medium,0,8,historical_sample
soweto,Friday,12:00,passport_new,50,medium,0,8,historical_sample
soweto,Friday,12:00,id_application,39,low,0,8,historical_sample
soweto,Friday,12:00,birth_registration,44,low,0,8,historical_sample
soweto,Friday,13:00,passport_renewal,36,low,0,8,historical_sample
soweto,Friday,13:00,passport_new,41,low,0,8,historical_sample
soweto,Friday,14:00,passport_renewal,40,low,0,8,historical_sample
soweto,Friday,14:00,id_application,39,low,0,8,historical_sample
soweto,Friday,14:00,birth_registration,34,low,0,8,historical_sample
soweto,Friday,15:00,passport_renewal,48,medium,0,8,historical_sample
soweto,Friday,15:00,passport_new,55,medium,0,8,historical_sample
soweto,Friday,15:00,id_application,40,low,0,8,historical_sample
soweto,Friday,15:00,id_replacement,55,medium,0,8,historical_sample
soweto,Friday,15:00,birth_registration,38,low,0,8,historical_sample
randburg,Friday,08:00,passport_renewal,72,medium,0,8,historical_sample
randburg,Friday,08:00,id_application,75,medium,0,8,historical_sample
randburg,Friday,08:00,birth_registration,64,medium,0,8,historical_sample
randburg,Friday,09:00,birth_registration,59,medium,0,8,historical_sample
randburg,Friday,10:00,passport_new,62,medium,0,8,historical_sample
randburg,Friday,10:00,id_replacement,56,medium,0,8,historical_sample
randburg,Friday,10:00,birth_registration,51,medium,0,8,historical_sample
randburg,Friday,11:00,passport_renewal,41,low,0,8,historical_sample
randburg,Friday,11:00,passport_new,48,medium,0,8,historical_sample
randburg,Friday,11:00,id_application,38,low,0,8,historical_sample
randburg,Friday,11:00,id_replacement,51,medium,0,8,historical_sample
randburg,Friday,11:00,birth_registration,48,medium,0,8,historical_sample
randburg,Friday,12:00,id_application,44,low,0,8,historical_sample
randburg,Friday,12:00,id_replacement,41,low,0,8,historical_sample
randburg,Friday,12:00,birth_registration,37,low,0,8,historical_sample
randburg,Friday,13:00,id_application,32,low,0,8,historical_sample
randburg,Friday,14:00,id_replacement,36,low,0,8,historical_sample
randburg,Friday,14:00,birth_registration,29,low,0,8,historical_sample
randburg,Friday,15:00,id_application,46,medium,0,8,historical_sample
randburg,Friday,15:00,id_replacement,43,low,0,8,historical_sample
randburg,Friday,15:00,birth_registration,44,low,0,8,historical_sample
pta_cbd,Friday,08:00,passport_renewal,126,high,0,8,historical_sample
pta_cbd,Friday,08:00,passport_new,144,high,0,8,historical_sample
pta_cbd,Friday,08:00,id_application,98,high,0,8,historical_sample
pta_cbd,Friday,08:00,id_replacement,128,high,0,8,historical_sample
pta_cbd,Friday,08:00,birth_registration,99,high,0,8,historical_sample
pta_cbd,Friday,09:00,passport_renewal,101,high,0,8,historical_sample
pta_cbd,Friday,09:00,birth_registration,103,high,0,8,historical_sample
pta_cbd,Friday,10:00,passport_renewal,94,high,0,8,historical_sample
pta_cbd,Friday,10:00,passport_new,113,high,0,8,historical_sample
pta_cbd,Friday,10:00,id_application,90,high,0,8,historical_sample
pta_cbd,Friday,10:00,id_replacement,109,high,0,8,historical_sample
pta_cbd,Friday,10:00,birth_registration,97,high,0,8,historical_sample
pta_cbd,Friday,12:00,id_replacement,80,high,0,8,historical_sample
pta_cbd,Friday,12:00,birth_registration,56,medium,0,8,historical_sample
pta_cbd,Friday,13:00,passport_renewal,68,medium,0,8,historical_sample
pta_cbd,Friday,13:00,passport_new,77,medium,0,8,historical_sample
pta_cbd,Friday,13:00,id_application,58,medium,0,8,historical_sample
pta_cbd,Friday,13:00,id_replacement,65,medium,0,8,historical_sample
pta_cbd,Friday,14:00,id_application,57,medium,0,8,historical_sample
pta_cbd,Friday,14:00,id_replacement,63,medium,0,8,historical_sample
pta_cbd,Friday,15:00,passport_renewal,81,high,0,8,historical_sample
pta_cbd,Friday,15:00,passport_new,88,high,0,8,historical_sample
pta_cbd,Friday,15:00,id_application,61,medium,0,8,historical_sample
pta_cbd,Friday,15:00,birth_registration,63,medium,0,8,historical_sample
sandton,Friday,08:00,passport_renewal,69,medium,0,8,historical_sample
sandton,Friday,08:00,id_replacement,60,medium,0,8,historical_sample
sandton,Friday,08:00,birth_registration,54,medium,0,8,historical_sample
sandton,Friday,09:00,passport_renewal,57,medium,0,8,historical_sample
sandton,Friday,09:00,id_application,56,medium,0,8,historical_sample
sandton,Friday,10:00,passport_renewal,52,medium,0,8,historical_sample
sandton,Friday,10:00,passport_new,61,medium,0,8,historical_sample
sandton,Friday,10:00,id_application,51,medium,0,8,historical_sample
sandton,Friday,11:00,passport_renewal,51,medium,0,8,historical_sample
sandton,Friday,11:00,id_application,47,medium,0,8,historical_sample
sandton,Friday,11:00,id_replacement,41,low,0,8,historical_sample
sandton,Friday,11:00,birth_registration,45,medium,0,8,historical_sample
sandton,Friday,12:00,passport_renewal,40,low,0,8,historical_sample
sandton,Friday,12:00,passport_new,44,low,0,8,historical_sample
sandton,Friday,12:00,id_application,34,low,0,8,historical_sample
sandton,Friday,12:00,birth_registration,37,low,0,8,historical_sample
sandton,Friday,13:00,passport_renewal,32,low,0,8,historical_sample
sandton,Friday,13:00,passport_new,39,low,0,8,historical_sample
sandton,Friday,13:00,id_application,30,low,0,8,historical_sample
sandton,Friday,13:00,id_replacement,34,low,0,8,historical_sample
sandton,Friday,13:00,birth_registration,29,low,0,8,historical_sample
sandton,Friday,14:00,passport_renewal,32,low,0,8,historical_sample
sandton,Friday,14:00,id_application,31,low,0,8,historical_sample
sandton,Friday,14:00,id_replacement,30,low,0,8,historical_sample
sandton,Friday,14:00,birth_registration,23,low,0,8,historical_sample
sandton,Friday,15:00,id_application,41,low,0,8,historical_sample
sandton,Friday,15:00,id_replacement,44,low,0,8,historical_sample
sandton,Friday,15:00,birth_registration,42,low,0,8,historical_sample
